Region,Installation,RPUID,Asset_Name,build_dt,FCI,ICI,Visit Date,Net_Profit,Population,Profit_per_pop,ConditionCombo,ICI_Exist,Q-Rating
MCIEAST,MCAS Beaufort,27911,BOWLING ALLEY,1965,86,,04-Feb-21,358619.17,3373,106.3205366,86,N,Q1
MCIEAST,MCAS Beaufort,28075,YOUTH CENTER - LAUREL BAY,1995,88,,03-Feb-21,1363637.42,3373,404.2802905,88,N,Q1
MCIEAST,MCAS Beaufort,32912,MCCS CARWASH,2001,92,,29-Jan-21,514947.44,3373,152.6674889,92,N,Q1
MCIEAST,MCAS Beaufort,34775,BATHHOUSE,1967,86,,02-Feb-21,157397.61,3373,46.66398162,86,N,Q1
MCIEAST,MCAS Beaufort,34781,MWR LOCATION EXCHANGE,1995,88,,02-Feb-21,17191221.93,3373,5096.715663,88,N,Q1
MCIEAST,MCAS Beaufort,34785,CDC CHILD CARE LB,2002,88,,02-Feb-21,-81743.08,3373,-24.23453306,88,N,Q1
MCIEAST,MCAS Beaufort,34792,MCCS LB CAR WASH,2007,87,,01-Feb-21,244142.7,3373,72.3814705,87,N,Q1
MCIEAST,MCAS Beaufort,548413,AFTERBURNERS EM CMMNITY CLB AND SUBWAY,1956,88,,03-Feb-21,-158724.37,3373,-47.05732879,88,N,Q1
MCIEAST,MCAS Beaufort,548413,AFTERBURNERS EM CMMNITY CLB AND SUBWAY,1956,88,95,04-Aug-16,-158724.37,3373,-47.05732879,95,Y,Q1
MCIEAST,MCAS Beaufort,548414,OFFICERS CLUB,1956,83,97,04-Aug-16,-1574506.05,3373,-466.7969315,97,Y,Q1
MCIEAST,MCAS Beaufort,548419,MCCS HEADQUARTERS,1955,84,,01-Feb-21,-23804865.22,3373,-7057.475606,84,N,Q1
MCIEAST,MCAS Beaufort,548427,STATION TRAINING AUDITORIUM,1957,80,,27-Jan-21,-32275.51,3373,-9.568784465,80,N,Q2
MCIEAST,MCAS Beaufort,624330,TEMPORARY LODGING FACILITY,1989,86,96,,16064066.67,3373,4762.545707,96,Y,Q1
MCIEAST,MCAS Beaufort,624402,AUTO HOBBY/MWR EQUIP. ISSUE,1997,87,,02-Feb-21,1232622.73,3373,365.4381055,87,N,Q1
MCIEAST,MCAS Beaufort,624753,MCCS LOG CABIN,1997,86,,08-Feb-21,113807.16,3373,33.74063445,86,N,Q1
MCIEAST,MCAS Beaufort,625024,MCAS BASE EXCHANGE,2003,86,,05-Feb-21,55032130.6,3373,16315.48491,86,N,Q1
MCIEAST,MCAS Beaufort,625024,MCAS BASE EXCHANGE,2003,86,95.5,04-Aug-16,55032130.6,3373,16315.48491,95.5,Y,Q1
MCIEAST,MCAS Beaufort,625027,MCAS CHILD DEVELOPMENT CEN,1995,88,,03-Feb-21,9211540.16,3373,2730.963581,88,N,Q1
MCIEAST,MCAS Beaufort,924880,H&HS HEADQUARTERS,1966,85,,04-Feb-21,-4.65661E-10,3373,-1.38056E-13,85,N,Q1
MCIEAST,MCAS Beaufort,1159320,PHYSICAL FITNESS CENTER,2013,90,,27-Jan-21,-1046670.38,3373,-310.3084435,90,N,Q1
MCIEAST,MCAS Cherry Point,14333,(MCCS) CHILD DEVELOPMENT CENTER-2,2001,82,,12-Nov-20,15613916.38,7414,2106.004367,82,N,Q1
MCIEAST,MCAS Cherry Point,17300,HITT FITNESS CENTER (GRANTS LANDING) (MCCS),1955,34,,20-Aug-15,-41156.46,7414,-5.551181548,34,N,Q4
MCIEAST,MCAS Cherry Point,17523,(MCCS) THE ROAD HOUSE,1970,65,,28-Jan-16,5005216.55,7414,675.1033922,65,N,Q3
MCIEAST,MCAS Cherry Point,17523,(MCCS) THE ROAD HOUSE,1970,65,89,28-Nov-17,5005216.55,7414,675.1033922,89,Y,Q1
MCIEAST,MCAS Cherry Point,17541,(MCCS) DEVIL DOG GYM,1989,87,,16-Nov-20,115073.02,7414,15.52104397,87,N,Q1
MCIEAST,MCAS Cherry Point,17554,(MCCS/STATION) EDUCA/TRNG FACILITY,1993,78,,07-Dec-20,10409.38,7414,1.404016725,78,N,Q2
MCIEAST,MCAS Cherry Point,18319,(MCCS) HANCOCK POOL BATHHOUSE,1955,79,,06-Dec-20,417130.74,7414,56.26257621,79,N,Q2
MCIEAST,MCAS Cherry Point,19032,(MCCS) ADMINISTRATION OFFICE,1945,69,,19-Nov-20,-10232516.96,7414,-1380.161446,69,N,Q3
MCIEAST,MCAS Cherry Point,19069,(MCCS) AUTO SKILLS CENTER,2003,86,,10-Nov-20,1260282.25,7414,169.9868155,86,N,Q1
MCIEAST,MCAS Cherry Point,19144,(MCCS) HANCOCK LODGE,1995,86,,07-Dec-20,91851.36,7414,12.38890747,86,N,Q1
MCIEAST,MCAS Cherry Point,19266,ADMIN OFF (IPAC/MCCS/LIBRARY/FRC/TAX CENTER),1942,66,,21-Jan-16,1588917.89,7414,214.3131764,66,N,Q3
MCIEAST,MCAS Cherry Point,19266,ADMIN OFF (IPAC/MCCS/LIBRARY/FRC/TAX CENTER),1942,66,93,29-Nov-17,1588917.89,7414,214.3131764,93,Y,Q1
MCIEAST,MCAS Cherry Point,19298,(MCCS) EXCHANGE RETAIL/COMMISARY,1982,85,,21-Nov-20,72023213.48,7414,9714.487926,85,N,Q1
MCIEAST,MCAS Cherry Point,19298,(MCCS) EXCHANGE RETAIL/COMMISARY,1982,85,90.33333333,28-Nov-17,72023213.48,7414,9714.487926,90.33333333,Y,Q1
MCIEAST,MCAS Cherry Point,19298,(MCCS) EXCHANGE RETAIL/COMMISARY,1982,85,93.5,29-Nov-17,72023213.48,7414,9714.487926,93.5,Y,Q1
MCIEAST,MCAS Cherry Point,19304,(MCCS) SHADY GROVE REC GROUNDS A,1981,80,,20-Aug-15,438698.7,7414,59.17166172,80,N,Q2
MCIEAST,MCAS Cherry Point,19305,(MCCS) SHADY GROVE REC GROUNDS B,1981,80,,20-Aug-15,-9122.6,7414,-1.230455894,80,N,Q2
MCIEAST,MCAS Cherry Point,19462,BOWLING CENTER,1966,70,,10-Feb-16,-6759.7,7414,-0.911748044,70,N,Q3
MCIEAST,MCAS Cherry Point,19470,ENGINE OVERHAUL-TEST BLDG (FRC/MCCS),1944,94,78,28-Nov-17,6682444.8,7414,901.3278662,78,Y,Q2
MCIEAST,MCAS Cherry Point,19525,(MCCS) OUTDOOR CONNECTION,1943,33,,06-May-10,3337473.85,7414,450.1583288,33,N,Q4
MCIEAST,MCAS Cherry Point,19579,(MCCS) BOATHOUSE SLOCUM,1989,83,,04-Dec-20,523613.76,7414,70.62500135,83,N,Q1
MCIEAST,MCAS Cherry Point,19599,(MCCS) CHILD CARE CENTER,1990,88,,12-Nov-20,3217704.28,7414,434.0038144,88,N,Q1
MCIEAST,MCAS Cherry Point,19803,(MCCS) CONCESSION CENTER-EXCHANGE,1998,86,,13-Nov-20,35731960.71,7414,4819.525318,86,N,Q1
MCIEAST,MCAS Cherry Point,20073,(MCCS) CHERRY POINT INN,1944,74,,03-Dec-20,1471679.95,7414,198.5001281,74,N,Q2
MCIEAST,MCAS Cherry Point,20137,(MCCS) MARINE DOME,1945,63,,12-Jan-16,103946.3,7414,14.02027246,63,N,Q3
MCIEAST,MCAS Cherry Point,21073,(MCCS) 7 DAY STORE,1942,72,,06-Dec-20,39443525.14,7414,5320.140968,72,N,Q2
MCIEAST,MCAS Cherry Point,21073,(MCCS) 7 DAY STORE,1942,72,85,28-Nov-17,39443525.14,7414,5320.140968,85,Y,Q1
MCIEAST,MCAS Cherry Point,21093,(MCCS) BATHHOUSE-CEDAR CREEK POOL,1971,76,,07-Dec-20,219357.36,7414,29.58691125,76,N,Q2
MCIEAST,MCAS Cherry Point,21097,(MCCS) GOLF CLUBHOUSE,1972,76,78,29-Nov-17,4212125.28,7414,568.131276,78,Y,Q2
MCIEAST,MCAS Cherry Point,21104,DEVIL DOG INN,1976,84,,01-Dec-20,1405305.26,7414,189.5475128,84,N,Q1
MCIEAST,MCAS Cherry Point,21134,MEDICAL/DENTAL CLINIC-CHERRY POINT (MCCS),1994,85,78,28-Nov-17,1488697.75,7414,200.7954883,78,Y,Q2
MCIEAST,MCAS Cherry Point,21500,TACO BELL / PIZZA HUT,1996,78,85,28-Nov-17,16238744.59,7414,2190.281169,85,Y,Q1
MCIEAST,MCAS Cherry Point,21815,AUDITORIUM (MCCS),1946,71,,10-Feb-16,1494668.41,7414,201.6008106,71,N,Q2
MCIEAST,MCAS Cherry Point,22131,(MCCS) EXCHANGE SERVICE BLDG,1998,88,99,28-Nov-17,4754538.43,7414,641.2919382,99,Y,Q1
MCIEAST,MCAS Cherry Point,22252,(MCCS) CHERRY TREEHOUSE,1996,86,,06-Dec-20,4406405.46,7414,594.3357783,86,N,Q1
MCIEAST,MCAS Cherry Point,1066055,(MCCS) CONSOLIDATED CLUB,2010,85,96,28-Nov-17,1641763.43,7414,221.4409806,96,Y,Q1
MCIEAST,MCAS Cherry Point,1081832,(MCCS) CHILD DEVELOPMENT CENTER,2011,88,,12-Nov-20,5536545.88,7414,746.7690693,88,N,Q1
MCIEAST,MCAS Cherry Point,1165463,(MCCS) PELICAN POINT RV PARK CAMPGROUND,2013,100,,20-Aug-15,2689897.6,7414,362.8132722,100,N,Q1
MCIEAST,MCAS Cherry Point,1308822,,,,,,2563861.54,7414,345.8135339,,N,Q4
MCIEAST,MCAS New River,36734,CHILD DEVELOPMENT CENTER,1999,81,,18-Feb-21,11436684,6452,1772.579665,81,N,Q1
MCIEAST,MCAS New River,36741,MCCS EQUIPMENT RENTAL,1969,70,,23-Feb-21,407484.9,6452,63.15637012,70,N,Q3
MCIEAST,MCAS New River,40111,EDUCATION/ADMIN OFF/DPC,1956,71,,22-Feb-21,-5.45697E-12,6452,-8.45779E-16,71,N,Q2
MCIEAST,MCAS New River,40112,LIBRARY/STATION EDUCATION,1956,70,,22-Feb-21,-206295.96,6452,-31.97395536,70,N,Q3
MCIEAST,MCAS New River,40130,THEATER,1957,70,,28-Feb-21,1033055.89,6452,160.1140561,70,N,Q3
MCIEAST,MCAS New River,40138,CORNER CAFE & BARBER SHOP,2002,83,,25-Feb-21,8084025.43,6452,1252.948765,83,N,Q1
MCIEAST,MCAS New River,40138,CORNER CAFE & BARBER SHOP,2002,83,93,01-Nov-17,8084025.43,6452,1252.948765,93,Y,Q1
MCIEAST,MCAS New River,40141,MARINA SUPPORT BLDG,1961,78,96,01-Nov-17,314180.36,6452,48.6950341,96,Y,Q1
MCIEAST,MCAS New River,42426,FAMILY SERVICES CENTER,2001,86,,25-Feb-21,-299.92,6452,-0.046484811,86,N,Q1
MCIEAST,MCAS New River,42427,FAMILY SERVICES CENTER,1975,82,,18-Feb-21,-653.62,6452,-0.101305022,82,N,Q1
MCIEAST,MCAS New River,42832,BOWLING ALLEY,1968,74,88,01-Nov-17,4197519.25,6452,650.5764492,88,Y,Q1
MCIEAST,MCAS New River,43218,FITNESS CENTER,1995,93,,16-May-19,-165753.76,6452,-25.69029138,93,N,Q1
MCIEAST,MCAS New River,43233,SINGLE MARINE PROGRAM CENTER,1983,83,,05-Mar-21,-145706.04,6452,-22.58308122,83,N,Q1
MCIEAST,MCAS New River,43234,LOCATION EXCHANGE,1982,84,,05-Mar-21,158661190.7,6452,24591.0091,84,N,Q1
MCIEAST,MCAS New River,43234,LOCATION EXCHANGE,1982,84,98,01-Nov-17,158661190.7,6452,24591.0091,98,Y,Q1
MCIEAST,MCAS New River,43236,EXCHANGE SERVICE OUTLETS,1999,87,,16-Feb-21,6183236.16,6452,958.3441042,87,N,Q1
MCIEAST,MCAS New River,43236,EXCHANGE SERVICE OUTLETS,1999,87,97,01-Nov-17,6183236.16,6452,958.3441042,97,Y,Q1
MCIEAST,MCAS New River,43708,MWR READY STOR,1998,82,,17-Feb-21,-171637.7,6452,-26.60224737,82,N,Q1
MCIEAST,MCAS New River,43716,OUTDOOR SWIMMING POOL,1963,98,,01-Jun-21,199205.02,6452,30.8749256,98,N,Q1
MCIEAST,MCAS New River,43717,OFFICERS CLUB/OPEN/,1954,70,98,01-Nov-17,5408748.02,6452,838.3056448,98,Y,Q1
MCIEAST,MCAS New River,1150187,MCCS CONSOLIDATED GEAR ISSUE,2012,92,,19-Feb-21,503300.55,6452,78.00690484,92,N,Q1
MCIEAST,MCAS New River,1157487,WENDYS,2007,98,,01-Jul-16,2132054.24,6452,330.4485803,98,N,Q1
MCIEAST,MCAS New River,1166967,HIGH INTENSITY TACTICAL TRAINING FACILITY,2013,92,,17-Feb-21,-244080.5,6452,-37.83020769,92,N,Q1
MCIEAST,MCAS New River,1169050,FIRESTONE AUTO SERVICE,2009,90,,23-Feb-21,867089.41,6452,134.3907951,90,N,Q1
MCIEAST,MCAS New River,1169053,CAR WASH,2009,91,,16-Feb-21,288399.58,6452,44.69925294,91,N,Q1
MCIEAST,MCAS New River,1176132,FITNESS CENTER,2012,88,,19-Feb-21,-74300.63,6452,-11.5159067,88,N,Q1
MCIEAST,MCAS New River,1277258,MARINE MART,2016,93,,17-Feb-21,18476423.6,6452,2863.673838,93,N,Q1
MCIEAST,MCAS New River,1277258,MARINE MART,2016,93,94,01-Nov-17,18476423.6,6452,2863.673838,94,Y,Q1
MCIEAST,MCB Lejeune,31576,BASE THEATER,1943,82,,22-Sep-20,1785637.34,32706,54.59662875,82,N,Q1
MCIEAST,MCB Lejeune,31586,RECREATION CENTER,2004,86,,27-Apr-17,-176.82,32706,-0.005406347,86,N,Q1
MCIEAST,MCB Lejeune,31589,BOATHOUSE (GOTTSCHALK MAR),2000,88,,24-Jul-19,1673719.83,32706,51.17470281,88,N,Q1
MCIEAST,MCB Lejeune,31592,YOUTH SPORTS OFFICE,1975,85,,03-Dec-21,273240.66,32706,8.35445056,85,N,Q1
MCIEAST,MCB Lejeune,31888,RECREATION CENTER,1944,78,,30-May-19,141514.28,32706,4.326859903,78,N,Q2
MCIEAST,MCB Lejeune,31932,DIVISION HQ,1942,81,,21-Sep-20,11098005.71,32706,339.3262921,81,N,Q1
MCIEAST,MCB Lejeune,31932,DIVISION HQ,1942,81,84,31-Oct-17,11098005.71,32706,339.3262921,84,Y,Q1
MCIEAST,MCB Lejeune,31988,EXCHANGE RETAIL-STORE,1981,80,,06-Jan-21,26719941.63,32706,816.9736938,80,N,Q2
MCIEAST,MCB Lejeune,31988,EXCHANGE RETAIL-STORE,1981,80,83,02-Nov-17,26719941.63,32706,816.9736938,83,Y,Q1
MCIEAST,MCB Lejeune,32001,RECREATION CENTER,1942,66,,09-Dec-20,7199176,32706,220.1178989,66,N,Q3
MCIEAST,MCB Lejeune,32121,INDUSTRIAL GRILL,1985,79,,12-Dec-19,1352783.64,32706,41.36194093,79,N,Q2
MCIEAST,MCB Lejeune,32121,INDUSTRIAL GRILL,1985,79,87,30-Oct-17,1352783.64,32706,41.36194093,87,Y,Q1
MCIEAST,MCB Lejeune,32131,MCCS RENTAL OFFICE,1943,77,,14-Jan-20,3971962.41,32706,121.444457,77,N,Q2
MCIEAST,MCB Lejeune,32211,CHILD DEV CTR BREWSTER,1991,87,,15-Nov-21,4865523.8,32706,148.7654803,87,N,Q1
MCIEAST,MCB Lejeune,33205,GOLF CLUBHOUSE,2000,87,90,02-Nov-17,9042163.77,32706,276.4680416,90,Y,Q1
MCIEAST,MCB Lejeune,35399,MCX RETAIL SERVICE STA,1960,76,,04-Mar-20,1762276.84,32706,53.88237143,76,N,Q2
MCIEAST,MCB Lejeune,35401,MARINE MART,1960,90,79,30-Oct-17,29327643.13,32706,896.7052874,79,Y,Q2
MCIEAST,MCB Lejeune,35499,GYMNASIUM,1943,77,,01-Oct-19,-439863.3,32706,-13.44900936,77,N,Q2
MCIEAST,MCB Lejeune,35518,MESS OPEN E7-E9 (SNCO CLUB),1942,65,,20-May-19,1758142.82,32706,53.75597199,65,N,Q3
MCIEAST,MCB Lejeune,35518,MESS OPEN E7-E9 (SNCO CLUB),1942,65,94,31-Oct-17,1758142.82,32706,53.75597199,94,Y,Q1
MCIEAST,MCB Lejeune,36028,7-DAY STORE,2003,84,97,31-Oct-17,16049966.67,32706,490.7346258,97,Y,Q1
MCIEAST,MCB Lejeune,37171,LOCATION EXCHANGE,1983,85,,20-Jan-21,59179863.93,32706,1809.449762,85,N,Q1
MCIEAST,MCB Lejeune,37171,LOCATION EXCHANGE,1983,85,94,31-Oct-17,59179863.93,32706,1809.449762,94,Y,Q1
MCIEAST,MCB Lejeune,37269,MARINA SUPPORT BLDG,1945,84,,24-Jul-19,353198.58,32706,10.79919831,84,N,Q1
MCIEAST,MCB Lejeune,37271,MARSTON PAVILION,1945,92,95,31-Oct-17,70219.82,32706,2.147001162,95,Y,Q1
MCIEAST,MCB Lejeune,37277,FIELD HSE GOETTGE MEMORIAL,1950,80,,26-Oct-20,-950642.46,32706,-29.0663016,80,N,Q2
MCIEAST,MCB Lejeune,37281,HOSPITAL ADMIN ANNEX,1953,71,,06-Dec-20,2.79897E-10,32706,8.55797E-15,71,N,Q2
MCIEAST,MCB Lejeune,37282,HOSPITAL ADMIN ANNEX,1953,88,,20-Aug-15,3692,32706,0.112884486,88,N,Q1
MCIEAST,MCB Lejeune,37459,MWR MIL REC CENTER,1983,85,,13-Nov-19,-763033.52,32706,-23.33007766,85,N,Q1
MCIEAST,MCB Lejeune,37516,MCCS  CAR WASH,1986,81,,19-Mar-21,576799.16,32706,17.6358821,81,N,Q1
MCIEAST,MCB Lejeune,37754,EXCH WHSE,1943,74,,16-Jan-20,-7983631.62,32706,-244.1029664,74,N,Q2
MCIEAST,MCB Lejeune,37861,INSTALLATION RESTAURANT AND ADMIN,1983,86,,22-Aug-19,-1217690.6,32706,-37.2314132,86,N,Q1
MCIEAST,MCB Lejeune,38105,ADMIN --MCCS PERSONNEL,1943,76,,01-Apr-17,-35080344.52,32706,-1072.596604,76,N,Q2
MCIEAST,MCB Lejeune,38106,MCX MAIN WHSE,1942,76,,13-Mar-17,-41820952.51,32706,-1278.693589,76,N,Q2
MCIEAST,MCB Lejeune,38174,RECREATION CENTER - MCCS,1942,87,,10-Feb-21,-21926.99,32706,-0.670427139,87,N,Q1
MCIEAST,MCB Lejeune,38541,FITNESS CENTER,1943,78,,08-Jan-21,-353567.64,32706,-10.81048248,78,N,Q2
MCIEAST,MCB Lejeune,38727,RECREATION CENTER,1983,77,,08-Dec-20,-196393,32706,-6.004800342,77,N,Q2
MCIEAST,MCB Lejeune,38728,FITNESS CENTER,1989,84,,08-Dec-20,-435997.42,32706,-13.33080841,84,N,Q1
MCIEAST,MCB Lejeune,38899,COM OFF MESS OPEN,1942,77,97,31-Oct-17,9252093.65,32706,282.8867379,97,Y,Q1
MCIEAST,MCB Lejeune,39078,MCCS MAINT OFFICE,1943,78,,11-Dec-19,-13002388.74,32706,-397.5536214,78,N,Q2
MCIEAST,MCB Lejeune,39223,LOCATION EXCHANGE (BM),1982,78,83,31-Oct-17,35201541.67,32706,1076.302259,83,Y,Q1
MCIEAST,MCB Lejeune,39426,EDUCATION SERVICES OFFICE,1961,84,,04-Feb-22,-192772.6,32706,-5.894105057,84,N,Q1
MCIEAST,MCB Lejeune,39426,EDUCATION SERVICES OFFICE,1961,84,91,02-Nov-17,-192772.6,32706,-5.894105057,91,Y,Q1
MCIEAST,MCB Lejeune,39432,EXCHANGE SERVICE OUTLETS,1955,78,,04-Jun-19,47546002.3,32706,1453.739445,78,N,Q2
MCIEAST,MCB Lejeune,39432,EXCHANGE SERVICE OUTLETS,1955,78,81,30-Oct-17,47546002.3,32706,1453.739445,81,Y,Q1
MCIEAST,MCB Lejeune,39433,YOUTH CNTR (STONE ST),1997,75,,06-Dec-20,4820802.82,32706,147.3981172,75,N,Q2
MCIEAST,MCB Lejeune,39445,BOWLING ALLEY,1964,74,,04-Jun-19,4938816.67,32706,151.0064413,74,N,Q2
MCIEAST,MCB Lejeune,39445,BOWLING ALLEY,1964,74,90,30-Oct-17,4938816.67,32706,151.0064413,90,Y,Q1
MCIEAST,MCB Lejeune,39446,MCCS EXCHANGE ADMINISTRATION,1972,91,,06-Jun-19,-26069995.46,32706,-797.1013105,91,N,Q1
MCIEAST,MCB Lejeune,39447,INNS OF THE CORPS,1973,76,97,30-Oct-17,49115707.18,32706,1501.733846,97,Y,Q1
MCIEAST,MCB Lejeune,39684,COMBAT TRNG POOL/INDOOR,1944,82,,22-Aug-19,-197013.36,32706,-6.023768116,82,N,Q1
MCIEAST,MCB Lejeune,39849,EXCHANGE SERVICE OUTLET,1978,90,,05-Jun-19,5930012.34,32706,181.3126747,90,N,Q1
MCIEAST,MCB Lejeune,39880,NAVAL MEDICAL CENTER - CAMP LEJEUNE,1983,94,,30-Jul-20,5090538.58,32706,155.6454039,94,N,Q1
MCIEAST,MCB Lejeune,39880,NAVAL MEDICAL CENTER - CAMP LEJEUNE,1983,94,85,02-Nov-17,5090538.58,32706,155.6454039,85,Y,Q1
MCIEAST,MCB Lejeune,39926,BASE LIBRARY/RESTAURANT,1979,72,,23-Jan-20,-557034.6,32706,-17.03157219,72,N,Q2
MCIEAST,MCB Lejeune,39929,EXCHANGE,1993,86,,28-Jan-20,437475751.8,32706,13376.00904,86,N,Q1
MCIEAST,MCB Lejeune,39929,EXCHANGE,1993,86,94.5,30-Oct-17,437475751.8,32706,13376.00904,94.5,Y,Q1
MCIEAST,MCB Lejeune,39930,TACO BELL,2003,88,,27-Jan-20,21749385.98,32706,664.9968195,88,N,Q1
MCIEAST,MCB Lejeune,39933,AUTO HOBBY SHOP,1997,89,,12-Jun-19,2045402.86,32706,62.53907112,89,N,Q1
MCIEAST,MCB Lejeune,40288,RECREATION CENTER,1977,77,,25-Feb-21,426225.12,32706,13.03201614,77,N,Q2
MCIEAST,MCB Lejeune,41821,COMMUNITY CENTER,1958,74,,03-Feb-21,217477.3,32706,6.649461872,74,N,Q2
MCIEAST,MCB Lejeune,41891,MCCS VENDING WAREHOUSE,1992,86,,21-Mar-21,-13681488.03,32706,-418.3173739,86,N,Q1
MCIEAST,MCB Lejeune,42535,MILITARY CLOTHING EXHG,1951,96,,08-Sep-21,1944900.46,32706,59.46616706,96,N,Q1
MCIEAST,MCB Lejeune,42536,BARBER SHOP/EXCHANGE RETAIL,1951,45,,27-Aug-21,19830364.92,32706,606.3219263,45,N,Q4
MCIEAST,MCB Lejeune,42536,BARBER SHOP/EXCHANGE RETAIL,1951,45,80,01-Nov-17,19830364.92,32706,606.3219263,80,Y,Q2
MCIEAST,MCB Lejeune,42642,SHOPPING CENTER TARAWA TERRACE,1952,65,,02-Feb-21,2375621.9,32706,72.63566012,65,N,Q3
MCIEAST,MCB Lejeune,42654,MCCS CAR WASH,2002,72,,11-Mar-21,288399.58,32706,8.817941051,72,N,Q2
MCIEAST,MCB Lejeune,42656,LOCATION EXCHANGE,1990,83,84,02-Nov-17,29235081.5,32706,893.8751758,84,Y,Q1
MCIEAST,MCB Lejeune,43032,FITNESS CENTER,2001,83,,07-Feb-21,-398220.89,32706,-12.17577478,83,N,Q1
MCIEAST,MCB Lejeune,43635,COMMUNITY CENTER,1946,75,,02-Feb-21,-837491.1,32706,-25.60665016,75,N,Q2
MCIEAST,MCB Lejeune,43635,COMMUNITY CENTER,1946,75,78,02-Nov-17,-837491.1,32706,-25.60665016,78,Y,Q2
MCIEAST,MCB Lejeune,43644,LOC EX/FILLING STA,1993,83,78,,7412575.42,32706,226.6426778,78,Y,Q2
MCIEAST,MCB Lejeune,44344,CHILD CARE CENTER,2002,87,,01-Feb-21,5952221.76,32706,181.9917373,87,N,Q1
MCIEAST,MCB Lejeune,44454,"YOUTH CENTER, TARAWA TERRACE",1997,87,,04-Feb-21,2681885.14,32706,81.99979025,87,N,Q1
MCIEAST,MCB Lejeune,44478,BATH HOUSE,1984,85,,04-Feb-21,1011378.32,32706,30.92332661,85,N,Q1
MCIEAST,MCB Lejeune,45944,LOCATION EXCHGE@MONTFORD RD,1977,65,,21-Mar-22,22040098.67,32706,673.8854849,65,N,Q3
MCIEAST,MCB Lejeune,45944,LOCATION EXCHGE@MONTFORD RD,1977,65,85,01-Nov-17,22040098.67,32706,673.8854849,85,Y,Q1
MCIEAST,MCB Lejeune,46007,INDOOR GYM @MONTFORD LAND RD,1989,88,,27-Sep-21,-436526.82,32706,-13.34699505,88,N,Q1
MCIEAST,MCB Lejeune,47757,RECREAT CTR@HARLEM/ROCHESTER,1943,68,,28-Jan-21,6827837.42,32706,208.7640623,68,N,Q3
MCIEAST,MCB Lejeune,47757,RECREAT CTR@HARLEM/ROCHESTER,1943,68,71,01-Nov-17,6827837.42,32706,208.7640623,71,Y,Q2
MCIEAST,MCB Lejeune,47783,ISSUE/RETAIL CLTHG/UNIFORM,1943,79,74,01-Nov-17,28245832.97,32706,863.628477,74,Y,Q2
MCIEAST,MCB Lejeune,47784,LIBRARY,1943,84,,27-Jan-21,-248577.32,32706,-7.600358344,84,N,Q1
MCIEAST,MCB Lejeune,625295,INSTALLATION RESTAURANT MWR,2008,82,84,30-Oct-17,6367996.52,32706,194.7042292,84,Y,Q1
MCIEAST,MCB Lejeune,925331,COUNSELING CENTER,2007,85,,05-Jan-22,-735830.64,32706,-22.49833792,85,N,Q1
MCIEAST,MCB Lejeune,1027349,MARSOC SOF HEADQUARTERS,2009,89,,15-Mar-21,762798.7,32706,23.32289794,89,N,Q1
MCIEAST,MCB Lejeune,1063286,,,,,,-333056.84,32706,-10.18335596,,N,Q4
MCIEAST,MCB Lejeune,1119304,CHILD DEVELOPMENT CENTER,2011,89,,03-Feb-21,11825144.6,32706,361.558876,89,N,Q1
MCIEAST,MCB Lejeune,1119803,CHILD DEVELOPMENT CENTER,2011,91,,03-Feb-21,13887349.56,32706,424.6116786,91,N,Q1
MCIEAST,MCB Lejeune,1127026,MARINE MART/CAR WASH,2011,92,,06-Jan-21,42090465.36,32706,1286.93406,92,N,Q1
MCIEAST,MCB Lejeune,1127026,MARINE MART/CAR WASH,2011,92,85,02-Nov-17,42090465.36,32706,1286.93406,85,Y,Q1
MCIEAST,MCB Lejeune,1140677,CHILD DEVELOPMENT CENTER-TT2,2011,91,,03-Feb-21,9757595.48,32706,298.3426735,91,N,Q1
MCIEAST,MCB Lejeune,1158413,WENDY'S,2005,98,,01-Jul-16,1420422.5,32706,43.43002813,98,N,Q1
MCIEAST,MCB Lejeune,1158421,WENDY'S RESTAURANT,2010,98,,01-Jul-16,5084957.76,32706,155.4747679,98,N,Q1
MCIEAST,MCB Lejeune,1158501,DUNKIN DONUTS/BASKIN ROBINS,2008,98,,01-Jul-16,1343973.66,32706,41.09257201,98,N,Q1
MCIEAST,MCB Lejeune,1158554,DOMINO'S PIZZA,2002,98,,01-Jul-16,6709013.46,32706,205.1309686,98,N,Q1
MCIEAST,MCB Lejeune,1162846,RESERVATION OFFICE ONSLOW BEACH MCCS,2012,85,,17-Mar-21,17719646.21,32706,541.785795,85,N,Q1
MCIEAST,MCB Lejeune,1167658,CHILD DEVELOPMENT CENTER COURTHOUSE BAY,2013,94,,11-Jan-21,10991667.54,32706,336.0749569,94,N,Q1
MCIEAST,MCB Lejeune,1169181,MARINE CORPS EXCHANGE,2012,88,91,02-Nov-17,20630265.48,32706,630.7792295,91,Y,Q1
MCIEAST,MCB Lejeune,1169395,SKEET RANGE RETAIL BLDG,2012,94,99,02-Nov-17,875796.57,32706,26.77785636,99,Y,Q1
MCIEAST,MCB Lejeune,1173406,HOSTESS HOUSE,2013,88,96,30-Oct-17,-2295444.12,32706,-70.18419006,96,Y,Q1
MCIEAST,MCB Lejeune,1173443,,,,89,03-Nov-17,4178887.09,32706,127.771268,89,Y,Q1
MCIEAST,MCB Lejeune,1193986,WALLACE CREEK FITNESS CENTER,2013,91,,09-May-19,-1597725.28,32706,-48.85113679,91,N,Q1
MCIEAST,MCB Lejeune,1205483,,,,,,103872012.3,32706,3175.931399,,N,Q4
MCIEAST,MCB Lejeune,1205483,,,,95,30-Oct-17,103872012.3,32706,3175.931399,95,Y,Q1
MCIEAST,MCB Lejeune,1215063,MCCS GROUNDS MAINTENANCE STORAGE,2013,88,,31-Dec-20,-1210130.84,32706,-37.00027029,88,N,Q1
MCIEAST,MCB Lejeune,1320233,,,,,,16951382.63,32706,518.295806,,N,Q4
MCIEAST,MCLB Albany,40602,MWR RV SUPPORT BLDG,1964,79,88,14-Aug-17,42548.1,261,163.0195402,88,Y,Q1
MCIEAST,MCLB Albany,42246,GUN/SKEET/TRAP BLDG,1961,81,,31-Aug-22,830.18,261,3.180766284,81,N,Q1
MCIEAST,MCLB Albany,44980,MCCS OUTDOOR ADV (REC ISSUE),1999,86,,12-May-21,1476902.74,261,5658.631188,86,N,Q1
MCIEAST,MCLB Albany,44982,CHILD DEVELOPMENT CENTER,2003,88,,12-May-21,5710544.72,261,21879.48169,88,N,Q1
MCIEAST,MCLB Albany,45063,INSTALLATION REST (MWR),2003,85,,26-Apr-21,48413.52,261,185.4924138,85,N,Q1
MCIEAST,MCLB Albany,45974,MWR AUTO SKILLS CTR,1993,85,,13-May-21,718560.14,261,2753.103985,85,N,Q1
MCIEAST,MCLB Albany,45975,MWR EQUIPMENT MAINTENANCE SHOP,1993,77,,13-May-21,-858155.52,261,-3287.952184,77,N,Q2
MCIEAST,MCLB Albany,46586,DANIELS FAMILY FITNESS CTR,1967,83,,12-May-21,130117.28,261,498.5336398,83,N,Q1
MCIEAST,MCLB Albany,46591,REC CAMPGROUND - RV,1964,80,,31-Aug-22,1637773.94,261,6274.995939,80,N,Q2
MCIEAST,MCLB Albany,47609,HEADQUARTERS SUPPORT BLDG,1953,79,,28-Apr-21,-2899994.28,261,-11111.0892,79,N,Q2
MCIEAST,MCLB Albany,48233,EDUCATIONAL SRVCS OFFICE,1953,79,,03-May-21,-16436.62,261,-62.97555556,79,N,Q2
MCIEAST,MCLB Albany,48240,FAMILY SERVICES CNTR,1969,76,,13-May-21,401.58,261,1.53862069,76,N,Q2
MCIEAST,MCLB Albany,48241,GYMNASIUM,1956,76,,11-May-21,8137.42,261,31.17785441,76,N,Q2
MCIEAST,MCLB Albany,48243,OUTDOOR SWIM POOL,1964,80,,31-Aug-22,30820,261,118.0842912,80,N,Q2
MCIEAST,MCLB Albany,48246,THEATER,1957,78,,23-Apr-21,228174.99,261,874.2336782,78,N,Q2
MCIEAST,MCLB Albany,48247,SERVICE CLUB,1964,77,87.33333333,15-Aug-17,4269892.75,261,16359.74234,87.33333333,Y,Q1
MCIEAST,MCLB Albany,48249,MARINE CORPS EXCHANGE COMPX,1977,83,,18-May-21,18402503.78,261,70507.67732,83,N,Q1
MCIEAST,MCLB Albany,48249,MARINE CORPS EXCHANGE COMPX,1977,83,81,15-Aug-17,18402503.78,261,70507.67732,81,Y,Q1
MCIEAST,MCLB Albany,1292311,,,,,,8613766.2,261,33002.93563,,N,Q4
MCIEAST,MCRD PI,17842,MCCS CAR WASH,2005,88,,14-Jan-21,521271.72,2915,178.8239177,88,N,Q1
MCIEAST,MCRD PI,19357,DCAC-EDUCATION MULTI-USE FAC,1958,80,,27-Jan-21,3.32875E-10,2915,1.14194E-13,80,N,Q2
MCIEAST,MCRD PI,19618,RECRUIT PROCESSING FACILITY,1982,85,76,24-Jan-17,110034167.3,2915,37747.57026,76,Y,Q2
MCIEAST,MCRD PI,20094,VISITORS RECEPTION - ACAD INSTR - THE BUNKER,1960,74,,11-Jan-21,357355.04,2915,122.5917804,74,N,Q2
MCIEAST,MCRD PI,20102,AUTOMOTIVE HOBBY SHOP,1898,68,,12-Jan-21,78706.08,2915,27.0003705,68,N,Q3
MCIEAST,MCRD PI,20839,CLASSROOM/SATO/RECRUIT PHOTO,1958,74,,14-Jan-21,51438030.29,2915,17645.97952,74,N,Q2
MCIEAST,MCRD PI,20968,VISITORS CENTER - LIBRARY,1941,74,90,,575685.29,2915,197.4906655,90,Y,Q1
MCIEAST,MCRD PI,20979,GOLF COURSE - CLUBHOUSE - THE LEGENDS,1948,76,77,01-Aug-16,9051492.94,2915,3105.143376,77,Y,Q2
MCIEAST,MCRD PI,21013,MCCS COMMUNITY AND EXCHANGE ADMIN OFFICES,1979,87,,12-Jan-21,-5493943.46,2915,-1884.714738,87,N,Q1
MCIEAST,MCRD PI,21013,MCCS COMMUNITY AND EXCHANGE ADMIN OFFICES,1979,87,85,24-Jan-17,-5493943.46,2915,-1884.714738,85,Y,Q1
MCIEAST,MCRD PI,21014,MCCS MAINTENANCE SHOP,1963,89,,12-Jan-21,-2431973.16,2915,-834.2961098,89,N,Q1
MCIEAST,MCRD PI,21412,MCCS EXCHANGE SERVICES @ 4TH BN,1979,81,79.5,24-Jan-17,6404322.64,2915,2197.023204,79.5,Y,Q2
MCIEAST,MCRD PI,21422,COMMUNITY CENTER @ HORSE ISLAND,1994,90,,28-Jan-21,48906.88,2915,16.77766038,90,N,Q1
MCIEAST,MCRD PI,21802,MUSEUM-GYM-FITNESS CENTER,1951,78,,15-Jan-21,-334619.96,2915,-114.7924391,78,N,Q2
MCIEAST,MCRD PI,22300,MCCS AND G-4 BOAT STORAGE COMPOUND,1988,91,,20-Aug-15,110370.24,2915,37.86286106,91,N,Q1
MCIEAST,MCRD PI,22306,BOWLING ALLEY & SUBWAY,1974,85,90,,974449.45,2915,334.287976,90,Y,Q1
MCIEAST,MCRD PI,22434,MCCS OUTDOOR SWIMMING POOL,1934,80,,20-Aug-15,196989.54,2915,67.57788679,80,N,Q2
MCIEAST,MCRD PI,22452,REC CENTER - BRIG & BREW CLUB,1899,78,,07-Jan-21,1095869.86,2915,375.9416329,78,N,Q2
MCIEAST,MCRD PI,22453,DRY CLEANERS / COBBLER SHOP / ITT,2005,91,,08-Jan-21,15585427.27,2915,5346.630281,91,N,Q1
MCIEAST,MCRD PI,22453,DRY CLEANERS / COBBLER SHOP / ITT,2005,91,98,02-Aug-16,15585427.27,2915,5346.630281,98,Y,Q1
MCIEAST,MCRD PI,22455,BASE THEATER (AUDITORIUM),1957,83,,08-Jan-21,18761.11,2915,6.436058319,83,N,Q1
MCIEAST,MCRD PI,22457,WOOD HOBBY SHOP,1899,68,,12-Jan-21,-728431.7,2915,-249.8908062,68,N,Q3
MCIEAST,MCRD PI,22458,FAMILY SERVICES CENTER - FOUR WINDS,1971,86,,08-Jan-21,-194442.78,2915,-66.70421269,86,N,Q1
MCIEAST,MCRD PI,22792,BARRACKS ENLISTED / WPNS BN HQ / REC BLDG,1938,73,,05-Jan-21,1163667.51,2915,399.1998319,73,N,Q2
MCIEAST,MCRD PI,22792,BARRACKS ENLISTED / WPNS BN HQ / REC BLDG,1938,73,85,24-Jan-14,1163667.51,2915,399.1998319,85,Y,Q1
MCIEAST,MCRD PI,24899,ALL HANDS CLUB @ TRADITIONS,1918,66,95,02-Aug-16,4485639.85,2915,1538.812985,95,Y,Q1
MCIEAST,MCRD PI,987340,MCX - MARINE CORPS EXCHANGE,2008,88,,12-Jan-21,144079761.3,2915,49427.01931,88,N,Q1
MCIEAST,MCRD PI,987340,MCX - MARINE CORPS EXCHANGE,2008,88,96.5,02-Aug-16,144079761.3,2915,49427.01931,96.5,Y,Q1
MCIEAST,MCRD PI,1005865,YOUTH CENTER,2009,89,,13-Jan-21,1144743.42,2915,392.7078628,89,N,Q1
MCIEAST,MCRD PI,1047288,,,,,,1250175.14,2915,428.8765489,,N,Q4
MCIEAST,MCRD PI,1113663,CHILD DEVELOPMENT CENTER,2011,90,,13-Jan-21,10018755.42,2915,3436.965839,90,N,Q1
MCINCR,Camp Allen,69803,MARINE CORPS EXCHANGE,1984,85,,29-Apr-21,32412604.77,960,33763.12997,85,N,Q1
MCINCR,Camp Allen,69806,MAR CORPS EXCH GAS STA,1969,77,,28-Apr-21,23981713.84,960,24980.95192,77,N,Q2
MCINCR,MBW (8th & I),46441,BEQ - USMC BAND FACILITY,2004,86,,21-Oct-20,5204528.1,977,5327.050256,86,N,Q1
MCINCR,MCB Quantico,14407,LITTLE HALL,1940,77,,29-Sep-20,-20590407.03,6660,-3091.652707,77,N,Q2
MCINCR,MCB Quantico,14484,MARINA OFFICE,1986,81,,15-Sep-20,3130670.35,6660,470.0706231,81,N,Q1
MCINCR,MCB Quantico,14520,THE CLUBS AT QUANTICO,1994,76,95,21-Feb-17,7816368.46,6660,1173.628898,95,Y,Q1
MCINCR,MCB Quantico,14521,INNS OF THE CORPS QUANTICO,1998,87,,02-Oct-20,12627226.72,6660,1895.979988,87,N,Q1
MCINCR,MCB Quantico,17962,PICNIC PAVILION-LUNGA PARK,1961,80,,20-Aug-15,-5033.84,6660,-0.755831832,80,N,Q2
MCINCR,MCB Quantico,19742,BARBER FITNESS CENTER,2003,86,,15-Sep-20,376521.98,6660,56.53483183,86,N,Q1
MCINCR,MCB Quantico,19746,GEIGER HALL,1948,81,,17-Sep-20,600690.67,6660,90.19379429,81,N,Q1
MCINCR,MCB Quantico,19746,GEIGER HALL,1948,81,78,24-Feb-17,600690.67,6660,90.19379429,78,Y,Q2
MCINCR,MCB Quantico,19749,AUTO HOBBY SHOP,2006,88,,16-Sep-20,189243.44,6660,28.41493093,88,N,Q1
MCINCR,MCB Quantico,19750,SWIMMING POOL,1947,80,,20-Aug-15,762878.22,6660,114.5462793,80,N,Q2
MCINCR,MCB Quantico,20822,MCCS HQ - BUSINESS & SUPPORT DIV,1978,84,,23-Oct-20,491688.74,6660,73.82713814,84,N,Q1
MCINCR,MCB Quantico,20824,MARINE MART MAINSIDE,1990,87,,16-Sep-20,21406269.64,6660,3214.154601,87,N,Q1
MCINCR,MCB Quantico,20824,MARINE MART MAINSIDE,1990,87,77,23-Feb-17,21406269.64,6660,3214.154601,77,Y,Q2
MCINCR,MCB Quantico,20826,SELF SERVICE CAR WASH,1968,80,,23-Oct-20,485863.15,6660,72.95242492,80,N,Q2
MCINCR,MCB Quantico,21052,TBS MARINE MART,1971,75,73,22-Feb-17,25211110.42,6660,3785.452015,73,Y,Q2
MCINCR,MCB Quantico,22782,FIRESTONE SERVICE STATION,1991,76,,30-Oct-20,1289316.46,6660,193.5910601,76,N,Q2
MCINCR,MCB Quantico,24730,MCCS BOAT STORAGE LOT-4,1944,80,,20-Aug-15,2730772.2,6660,410.0258559,80,N,Q2
MCINCR,MCB Quantico,25636,MCCS MAINTENANCE,1983,76,,15-Sep-20,-7544730.36,6660,-1132.842396,76,N,Q2
MCINCR,MCB Quantico,26184,UPSHUR MARINE MART,1991,78,,06-Oct-20,1967861.22,6660,295.4746577,78,N,Q2
MCINCR,MCB Quantico,26184,UPSHUR MARINE MART,1991,78,80,24-Feb-17,1967861.22,6660,295.4746577,80,Y,Q2
MCINCR,MCB Quantico,26314,MARSH CENTER,1996,87,,08-Oct-20,96783.66,6660,14.53208108,87,N,Q1
MCINCR,MCB Quantico,26326,CDC NORTH,1995,86,,06-Oct-20,12195515.36,6660,1831.158462,86,N,Q1
MCINCR,MCB Quantico,26327,YOUTH CENTER,1998,87,,06-Oct-20,3072914.18,6660,461.3985255,87,N,Q1
MCINCR,MCB Quantico,26328,MEDAL OF HONOR GOLF CLUBHOUSE,2005,90,,30-Oct-20,3995078.22,6660,599.8615946,90,N,Q1
MCINCR,MCB Quantico,26331,MAIN EXCHANGE,1977,73,,08-Oct-20,237573566.8,6660,35671.70672,73,N,Q2
MCINCR,MCB Quantico,26331,MAIN EXCHANGE,1977,73,79.66666667,24-Feb-17,237573566.8,6660,35671.70672,79.66666667,Y,Q2
MCINCR,MCB Quantico,26332,MCCS MINI MART,1987,87,,09-Oct-20,170946124.9,6660,25667.58632,87,N,Q1
MCINCR,MCB Quantico,26332,MCCS MINI MART,1987,87,90,24-Feb-17,170946124.9,6660,25667.58632,90,Y,Q1
MCINCR,MCB Quantico,986764,RELIGIOUS FAMILY SERVICE CEN,2008,84,,28-Oct-20,-1.99691E-10,6660,-2.99836E-14,84,N,Q1
MCINCR,MCB Quantico,1084000,RUSSELL-KNOX BUILDING,2010,87,,20-Oct-20,2448512.88,6660,367.6445766,87,N,Q1
MCINCR,MCB Quantico,1131835,HEYWOOD HALL,2011,95,,08-Oct-20,1160494.98,6660,174.2484955,95,N,Q1
MCINCR,MCB Quantico,1148335,OCS HQ WILSON HALL,2012,91,,07-Oct-20,4904140.31,6660,736.3574039,91,N,Q1
MCINCR,MCB Quantico,1148335,OCS HQ WILSON HALL,2012,91,90,23-Feb-17,4904140.31,6660,736.3574039,90,Y,Q1
MCINCR,MCB Quantico,1162784,CDC SOUTH,2013,87,,06-Oct-20,9448923.8,6660,1418.757327,87,N,Q1
MCINCR,MCB Quantico,1184402,LOPEZ HALL,2013,91,,08-Oct-20,1821212.09,6660,273.4552688,91,N,Q1
MCINCR,MCB Quantico,1407179,MARINE MART HOT PATCH,2019,100,,16-Dec-19,5122488.86,6660,769.1424715,100,N,Q1
MCINCR,MCB Quantico,1447710,LUNGA RECREATION AREA,2021,100,,19-Jun-21,-44670.74,6660,-6.707318318,100,N,Q1
MCIPAC,Camp Mujuk,141792,ROK HARD CAFE (CURFEWS),2004,93,,06-Dec-17,-1170113.58,4000,-292.528395,93,N,Q1
MCIPAC,Camp Mujuk,1173428,,,,,,598004.26,4000,149.501065,,N,Q4
MCIPAC,MCAS Iwakuni,27562,RECREATION PAVILION-SETO DISTRICT,1995,82,,31-Oct-17,-130743.22,2662,-49.11465815,82,N,Q1
MCIPAC,MCAS Iwakuni,27570,IRONWORKS GYM-MISUMI DISTRICT,1994,84,,31-Oct-17,1062585.84,2662,399.1682344,84,N,Q1
MCIPAC,MCAS Iwakuni,27572,MCCS COLD STORAGE WAREHOUSE-SETO DISTRICT,1995,87,,02-Nov-17,-1417020.05,2662,-532.3140684,87,N,Q1
MCIPAC,MCAS Iwakuni,27606,CLUB COMPLEX-TORII DISTRICT,2000,88,83,15-May-17,36352584.62,2662,13656.11744,83,Y,Q1
MCIPAC,MCAS Iwakuni,27613,CHILD CARE CENTER-TORII DISTRICT,1992,89,,01-Nov-17,-291068.5,2662,-109.3420361,89,N,Q1
MCIPAC,MCAS Iwakuni,33114,SWIMMING POOL-MISUMI DISTRICT,1940,80,,20-Aug-15,4530.92,2662,1.702073629,80,N,Q2
MCIPAC,MCAS Iwakuni,34160,MCCS PROPERTY WAREHOUSE-TORII DISTRICT,1983,84,,20-Aug-15,-621748.56,2662,-233.5644478,84,N,Q1
MCIPAC,MCAS Iwakuni,34161,MCX SUPPORT WAREHOUSE-TORII DISTRICT,1990,88,,30-Oct-17,-621748.56,2662,-233.5644478,88,N,Q1
MCIPAC,MCAS Iwakuni,35257,MCX WAREHOUSE-MISUMI DISTRICT,1952,81,,31-Oct-17,-621748.56,2662,-233.5644478,81,N,Q1
MCIPAC,MCAS Iwakuni,35266,FOOD AND SERVICE MALL-MISUMI DISTRICT,1997,77,,07-Nov-17,43606565.86,2662,16381.12917,77,N,Q2
MCIPAC,MCAS Iwakuni,35266,FOOD AND SERVICE MALL-MISUMI DISTRICT,1997,77,86,01-May-17,43606565.86,2662,16381.12917,86,Y,Q1
MCIPAC,MCAS Iwakuni,35267,HSD/ED BLDG-MISUMI DISTRICT,2000,91,,09-Nov-17,-162725.42,2662,-61.12900826,91,N,Q1
MCIPAC,MCAS Iwakuni,35325,EXCHANGE RETAIL STORE-IMAZU DISTRICT,2000,89,,08-Nov-17,-26656.93,2662,-10.01387303,89,N,Q1
MCIPAC,MCAS Iwakuni,35326,HORNETS NEST-IMAZU DISTRICT,1987,90,,07-Nov-17,382121.89,2662,143.5469159,90,N,Q1
MCIPAC,MCAS Iwakuni,35328,MARINE MART-IMAZU DISTRICT,1996,82,,08-Nov-17,36198626.78,2662,13598.28204,82,N,Q1
MCIPAC,MCAS Iwakuni,35328,MARINE MART-IMAZU DISTRICT,1996,82,74,16-May-17,36198626.78,2662,13598.28204,74,Y,Q2
MCIPAC,MCAS Iwakuni,35329,MCCS GAS STATION-IMAZU DISTRICT,1997,89,,09-Nov-17,6294279.92,2662,2364.492832,89,N,Q1
MCIPAC,MCAS Iwakuni,35331,AUTO HOBBY SHOP-IMAZU DISTRICT,1997,87,,08-Nov-17,2445948.01,2662,918.8384711,87,N,Q1
MCIPAC,MCAS Iwakuni,35331,AUTO HOBBY SHOP-IMAZU DISTRICT,1997,87,75,16-May-17,2445948.01,2662,918.8384711,75,Y,Q2
MCIPAC,MCAS Iwakuni,550658,MCCS RENTAL SELF-STORAGE-IMAZU DISTRICT,2007,99,,20-Aug-15,1936269.6,2662,727.3740045,99,N,Q1
MCIPAC,MCAS Iwakuni,945416,BOWLING CENTER-IMAZU DISTRICT,2008,91,85,01-May-17,11744638.44,2662,4411.960346,85,Y,Q1
MCIPAC,MCAS Iwakuni,1102862,,,,,,1936269.6,2662,727.3740045,,N,Q4
MCIPAC,MCAS Iwakuni,1102865,TYPHOON MOTORS SELF-STORAGE-IMAZU DISTRICT,2007,93,,02-Nov-17,1936269.6,2662,727.3740045,93,N,Q1
MCIPAC,MCAS Iwakuni,1276151,IRON WORKS GYM-TORII DISTRICT,2016,97,,03-Nov-17,203902.52,2662,76.59749061,97,N,Q1
MCIPAC,MCAS Iwakuni,1276181,DEP SCHOOL-CONSOLIDATED-TORII DISTRICT,2016,100,,16-Aug-18,-331558.74,2662,-124.5524944,100,N,Q1
MCIPAC,MCAS Iwakuni,1276281,TEMPORARY LODGING FACILITY-TORII DISTRICT,2016,95,,07-Dec-17,45907837.23,2662,17245.61879,95,N,Q1
MCIPAC,MCAS Iwakuni,1276281,TEMPORARY LODGING FACILITY-TORII DISTRICT,2016,95,98,15-May-17,45907837.23,2662,17245.61879,98,Y,Q1
MCIPAC,MCAS Iwakuni,1276346,COMMUNITY FACILITY-TORII DISTRICT,2016,97,,11-Dec-17,2007959.57,2662,754.3048723,97,N,Q1
MCIPAC,MCAS Iwakuni,1276625,COMMAND ASSEMBLY HALL-TORII DISTRICT,2016,96,,01-Nov-17,6716332.42,2662,2523.039977,96,N,Q1
MCIPAC,MCAS Iwakuni,1276625,COMMAND ASSEMBLY HALL-TORII DISTRICT,2016,96,98,15-May-17,6716332.42,2662,2523.039977,98,Y,Q1
MCIPAC,MCAS Iwakuni,1321849,CHILI'S RESTAURANT-TORII DISTRICT,2017,100,,25-Oct-17,850574.66,2662,319.5246657,100,N,Q1
MCIPAC,MCAS Iwakuni,1322038,PUBLIC WORKS SHOP-TORII DISTRICT,2017,100,,01-Dec-17,-330870.74,2662,-124.2940421,100,N,Q1
MCIPAC,MCAS Iwakuni,1326310,,,,,,567262.2,2662,213.0962434,,N,Q4
MCIPAC,MCAS Iwakuni,1333945,,,,,,5577574.68,2662,2095.257205,,N,Q4
MCIPAC,MCAS Iwakuni,1333947,,,,,,10401330.86,2662,3907.336912,,N,Q4
MCIPAC,MCAS Iwakuni,1337734,,,,,,-206244.3,2662,-77.4771976,,N,Q4
MCIPAC,MCAS Iwakuni,1337750,,,,,,745858.16,2662,280.1871375,,N,Q4
MCIPAC,MCAS Iwakuni,1339895,,,,,,13125803.42,2662,4930.805192,,N,Q4
MCIPAC,MCAS Iwakuni,1342483,MARINE CORPS EXCHANGE-MISUMI DISTRICT,2018,100,,01-Nov-18,129390858.4,2662,48606.63351,100,N,Q1
MCIPAC,MCAS Iwakuni,1344361,SKATE PARK-TORII DISTRICT,2016,100,,01-Jan-19,-2439.04,2662,-0.916243426,100,N,Q1
MCIPAC,MCAS Iwakuni,1373557,,,,,,-10587385.81,2662,-3977.229831,,N,Q4
MCIPAC,MCAS Iwakuni,1389545,YOUTH & SAC (6-18 YRS)-TORII DISTRICT,2019,100,,21-Oct-19,2822802.86,2662,1060.406784,100,N,Q1
MCIPAC,MCAS Iwakuni,1393828,MCX GAS STATION-MISUMI DISTRICT,2017,100,,19-Oct-17,4194257.44,2662,1575.603847,100,N,Q1
MCIPAC,MCB Butler,15322,THE COVE,1966,82,,20-Feb-18,114258.1,13216,8.645437349,82,N,Q1
MCIPAC,MCB Butler,40376,PERSONAL SERVICE CENTER,1999,91,,10-Jan-18,-78163.86,13216,-5.914335654,91,N,Q1
MCIPAC,MCB Butler,40763,GUNNERS FITNESS CENTER,2006,87,,22-Jan-18,3891297.81,13216,294.4383936,87,N,Q1
MCIPAC,MCB Butler,40776,COMMUNITY CENTER,2002,88,,20-Jan-18,1006506.62,13216,76.15818856,88,N,Q1
MCIPAC,MCB Butler,40780,SWIMMING POOL - 50 METER,1957,80,,20-Aug-15,887959.43,13216,67.18821353,80,N,Q2
MCIPAC,MCB Butler,44509,WESTPAC LODGE,2002,91,83,12-May-17,82066487.5,13216,6209.631318,83,Y,Q1
MCIPAC,MCB Butler,44672,BEHAVIORAL HEALTH & FAMILY ADVOCACY,2003,91,,10-Jan-18,-12202.88,13216,-0.923341404,91,N,Q1
MCIPAC,MCB Butler,44717,GYMNASIUM,1994,90,,29-Mar-18,2430140.47,13216,183.8786675,90,N,Q1
MCIPAC,MCB Butler,44759,OUTDOOR SWIMMING POOL (GOJ),2003,97,,20-Aug-15,75610.6,13216,5.721141041,97,N,Q1
MCIPAC,MCB Butler,45249,MCCS BUTLER OFFICERS CLUB (GOJ),1989,75,86,10-May-17,7635954.51,13216,577.7810616,86,Y,Q1
MCIPAC,MCB Butler,45270,EXCHANGE-NFCU-MCCS,1964,84,,08-May-18,811851.63,13216,61.42945142,84,N,Q1
MCIPAC,MCB Butler,45412,YOUTH CENTER (GOJ),1989,90,,25-Apr-18,1470962.72,13216,111.3016586,90,N,Q1
MCIPAC,MCB Butler,45429,CHILD DEVELOPMENT CENTER (GOJ),1996,89,,30-Apr-18,6304587.18,13216,477.0420082,89,N,Q1
MCIPAC,MCB Butler,46113,YOUTH SPORTS,1964,79,,17-Apr-18,438574.98,13216,33.18515285,79,N,Q2
MCIPAC,MCB Butler,46126,MCCS HQ,2005,86,,19-Jan-18,-58438184.92,13216,-4421.775493,86,N,Q1
MCIPAC,MCB Butler,46683,AQUATICS CENTER,1961,80,,14-Jan-18,12126475.1,13216,917.5601619,80,N,Q2
MCIPAC,MCB Butler,47256,KISHABA YOUTH CENTER,2002,86,,12-Jan-18,-388230.86,13216,-29.37582173,86,N,Q1
MCIPAC,MCB Butler,47346,TERRA,2006,91,95,12-May-17,14231951.08,13216,1076.872812,95,Y,Q1
MCIPAC,MCB Butler,48852,MIL REC CENTER (MCCS),1963,81,,22-Mar-18,-218083.54,13216,-16.50147851,81,N,Q1
MCIPAC,MCB Butler,48964,BOWLING CENTER (12 LANES OR LESS),1965,79,,16-Feb-18,3116977.34,13216,235.8487697,79,N,Q2
MCIPAC,MCB Butler,49185,OUTDOOR SWIMMING POOL (GOJ),2001,96,,20-Aug-15,1315791.96,13216,99.56052966,96,N,Q1
MCIPAC,MCB Butler,49192,BOWLING CENTER (12 LANES OR LESS),1966,81,,04-Apr-18,1632611.25,13216,123.5329336,81,N,Q1
MCIPAC,MCB Butler,49195,MCCS BEACHHEAD CONSOLIDATED CLUB (GOJ),2002,90,,09-Apr-18,8498312.52,13216,643.0321217,90,N,Q1
MCIPAC,MCB Butler,49195,MCCS BEACHHEAD CONSOLIDATED CLUB (GOJ),2002,90,87,10-May-17,8498312.52,13216,643.0321217,87,Y,Q1
MCIPAC,MCB Butler,49900,ALL HAND CLUB_MCCS,1961,78,84,11-May-17,3706834.78,13216,280.4808399,84,Y,Q1
MCIPAC,MCB Butler,49959,MWR AUTO SKILLS CENTER (MCCS),1999,89,,25-Apr-18,593990.22,13216,44.94478057,89,N,Q1
MCIPAC,MCB Butler,50028,ALL HANDS CLUB (MCCS),1959,79,91,01-May-17,3503745.3,13216,265.1138998,91,Y,Q1
MCIPAC,MCB Butler,50031,LIBRARY (MCCS),1961,80,,24-Mar-18,-124685.12,13216,-9.43440678,80,N,Q2
MCIPAC,MCB Butler,50070,LIBRARY/EDUCATION CENTER (GOJ),2001,92,,05-Apr-18,-473660.26,13216,-35.83991071,92,N,Q1
MCIPAC,MCB Butler,50083,INDOOR PHYSICAL FIT CTR (MCCS),2007,91,,26-Feb-18,1176557.52,13216,89.02523608,91,N,Q1
MCIPAC,MCB Butler,50256,CHIMUGUKURU CENTER,1989,88,,12-Jan-18,6605683.82,13216,499.8247442,88,N,Q1
MCIPAC,MCB Butler,50654,BOWLING CENTER (13 LANES AND MORE),1990,89,92,08-May-17,14085552.68,13216,1065.795451,92,Y,Q1
MCIPAC,MCB Butler,50744,ALL HANDS CLUB TENGAN CASTLE (MCCS),1964,85,,19-Jun-18,1242373.53,13216,94.00526105,85,N,Q1
MCIPAC,MCB Butler,50886,COURTNEY BOWLING ALLEY (12 LANES),1988,87,,08-May-18,4776436.01,13216,361.4131363,87,N,Q1
MCIPAC,MCB Butler,50942,SCUBA LOCKER /MCCS,1961,74,,22-Feb-18,2589118.87,13216,195.9079048,74,N,Q2
MCIPAC,MCB Butler,51159,MCCS TRI-MODULAR CLUB (GOJ),1994,90,86,09-May-17,10942740.47,13216,827.9918637,86,Y,Q1
MCIPAC,MCB Butler,51233,EAGLES NEST,1969,74,,01-May-18,126026.36,13216,9.535892857,74,N,Q2
MCIPAC,MCB Butler,51233,EAGLES NEST,1969,74,83,01-May-17,126026.36,13216,9.535892857,83,Y,Q1
MCIPAC,MCB Butler,51339,MWR AUTO SKILLS CENTER,1997,91,,22-Feb-18,2426984.54,13216,183.6398714,91,N,Q1
MCIPAC,MCB Butler,51351,IRONWORKS FITNESS CENTER,1988,90,,07-May-18,1450358.74,13216,109.7426407,90,N,Q1
MCIPAC,MCB Butler,51357,LIBRARY,1990,87,,08-May-18,-660781.35,13216,-49.99858883,87,N,Q1
MCIPAC,MCB Butler,51452,BOWLING CENTER (12 LANES OR LESS),1988,90,,23-Mar-18,1029382,13216,77.88907385,90,N,Q1
MCIPAC,MCB Butler,51455,INDOOR PHYSICAL FIT CTR (MCCS),1995,82,,19-Mar-18,365369.24,13216,27.6459776,82,N,Q1
MCIPAC,MCB Butler,51497,INDOOR PHYS FITNESS CENTER (MCCUTCHEON),1961,75,,04-May-18,523135.89,13216,39.58352679,75,N,Q2
MCIPAC,MCB Butler,51542,INDOOR PHYSICAL FIT CTR (MCCS),1993,80,,15-Feb-18,3452892.93,13216,261.2661115,80,N,Q2
MCIPAC,MCB Butler,51620,MWR FOOD SERVICE (MCCS),1989,84,89,09-May-17,3133805.72,13216,237.1221035,89,Y,Q1
MCIPAC,MCB Butler,51623,ADMIN OFFICE,1955,73,,11-Jan-18,41907752.26,13216,3170.986097,73,N,Q2
MCIPAC,MCB Butler,51626,EDUCATION SERVICES (MCCS),1991,80,,22-Jan-18,-946382.5,13216,-71.60884534,80,N,Q2
MCIPAC,MCB Butler,51643,BN CO HQS,1954,75,,12-Jan-18,-1605.86,13216,-0.121508777,75,N,Q2
MCIPAC,MCB Butler,51845,SPOT LAUNDRY MAT/TEEN CENTER,1980,85,,31-Jan-18,-391553.12,13216,-29.62720339,85,N,Q1
MCIPAC,MCB Butler,52089,BAYVIEW ENLISTED CLUB MCCS (USG),1965,82,88,11-May-17,1658187.46,13216,125.4681795,88,Y,Q1
MCIPAC,MCB Butler,52159,CAR CARE CENTER,1992,91,,09-Feb-18,18111466.38,13216,1370.419672,91,N,Q1
MCIPAC,MCB Butler,52319,AUTO MAINT (MCCS),1961,85,,08-Jan-18,-12070483.88,13216,-913.3235381,85,N,Q1
MCIPAC,MCB Butler,52321,GEN PURP WHSE (MCCS),2005,92,,10-Jan-18,-9762902.9,13216,-738.7184398,92,N,Q1
MCIPAC,MCB Butler,52513,LIBRARY/EDUCATION CNTR (MCCS),2003,87,,14-Feb-18,-643878.68,13216,-48.71963378,87,N,Q1
MCIPAC,MCB Butler,52584,AUTO HOBBY SHOP,1993,83,,02-May-18,1982530.06,13216,150.0098411,83,N,Q1
MCIPAC,MCB Butler,52821,ALL HANDS CLUB (MCCS),2003,91,,25-Feb-18,29466685.65,13216,2229.622098,91,N,Q1
MCIPAC,MCB Butler,52821,ALL HANDS CLUB (MCCS),2003,91,84,06-May-17,29466685.65,13216,2229.622098,84,Y,Q1
MCIPAC,MCB Butler,52828,COURTNEY LODGE,1982,87,82,11-May-17,6497820.66,13216,491.6631855,82,Y,Q1
MCIPAC,MCB Butler,52849,CHURA WARABI CENTER,1985,88,,03-May-18,5303847.11,13216,401.3201506,88,N,Q1
MCIPAC,MCB Butler,52851,COMMUNITY SERVICES COORDINATOR OFFICE,1985,88,,03-May-18,-462705.72,13216,-35.01102603,88,N,Q1
MCIPAC,MCB Butler,52965,SNCO CLUB,1964,78,87,11-May-17,3970681.59,13216,300.4450356,87,Y,Q1
MCIPAC,MCB Butler,54058,OUTDOOR SWIMMING POOL (USG),1964,62,,20-Aug-15,-29221.3,13216,-2.211054782,62,N,Q3
MCIPAC,MCB Butler,54091,BOYS AND GIRLS SCOUTS OF AMERICA,1961,85,,27-Apr-18,276887.43,13216,20.95092539,85,N,Q1
MCIPAC,MCB Butler,54910,EDUCATIONAL SERVICES OFFICE (MCCS),1998,90,,24-Apr-18,-565636.18,13216,-42.79934776,90,N,Q1
MCIPAC,MCB Butler,55724,OUTDOOR SWIMMING POOL 35M,1991,93,,20-Aug-15,-64799.4,13216,-4.9031023,93,N,Q1
MCIPAC,MCB Butler,55728,FITNESS CENTER,1995,89,,16-May-18,960878.65,13216,72.70570899,89,N,Q1
MCIPAC,MCB Butler,55736,LIBRARY (USG),1960,80,,27-Apr-18,-213019.68,13216,-16.11831719,80,N,Q2
MCIPAC,MCB Butler,55740,TEEN CENTER/ARMY VET/MCCS BFHAP & EFMP,1956,73,,25-Apr-18,-298614.54,13216,-22.59492585,73,N,Q2
MCIPAC,MCB Butler,56565,COMMUNITY CENTER (GOJ),2002,91,,27-Mar-18,11900713.52,13216,900.4777179,91,N,Q1
MCIPAC,MCB Butler,56774,GYMNASIUM (GOJ),1994,91,,20-Mar-18,95284.31,13216,7.209769219,91,N,Q1
MCIPAC,MCB Butler,145962,YOUTH AND SAC (MCCS),1998,78,,16-Jan-18,2791266.68,13216,211.2035926,78,N,Q2
MCIPAC,MCB Butler,1043688,POOL,2010,93,,20-Aug-15,-20030.04,13216,-1.515590194,93,N,Q1
MCIPAC,MCB Butler,1045737,OCEAN BREEZE,2009,91,93,01-May-17,72080292.12,13216,5454.017261,93,Y,Q1
MCIPAC,MCB Butler,1050003,,,,,,65782712.84,13216,4977.505512,,N,Q4
MCIPAC,MCB Butler,1114169,ASHIBINA CENTER (CDC),2011,92,,13-Apr-18,15987275.68,13216,1209.690956,92,N,Q1
MCIPAC,MCB Butler,1418193,HANSEN TLF,2019,100,,01-May-19,3828808.11,13216,289.7100567,100,N,Q1
MCIPAC,MCB Hawaii,18738,MCCS ADMIN,1943,75,,15-Sep-17,-8307536.58,8144,-1020.080621,75,N,Q2
MCIPAC,MCB Hawaii,18749,MAG-24 HQ/MALS-24 HQ/VMU-3,1941,80,,20-Oct-17,313560.88,8144,38.50207269,80,N,Q2
MCIPAC,MCB Hawaii,18773,INDOOR FITNESS FACILITY,1983,86,,09-Oct-17,1387610.42,8144,170.3843836,86,N,Q1
MCIPAC,MCB Hawaii,18955,EXCHANGE/MWR FOOD SVC,1998,87,,18-Oct-17,23969524.61,8144,2943.212747,87,N,Q1
MCIPAC,MCB Hawaii,18955,EXCHANGE/MWR FOOD SVC,1998,87,78,01-May-17,23969524.61,8144,2943.212747,78,Y,Q2
MCIPAC,MCB Hawaii,21927,MISSION OP CND & CTRL FAC,1942,70,,16-Oct-17,10716399.99,8144,1315.864439,70,N,Q3
MCIPAC,MCB Hawaii,21940,SUNSET LANAI ALL HANDS CLUB,1969,78,85,01-Feb-16,3001881.91,8144,368.600431,85,Y,Q1
MCIPAC,MCB Hawaii,21941,ENLISTED CLUB,1986,86,,10-Oct-17,-10485.16,8144,-1.28747053,86,N,Q1
MCIPAC,MCB Hawaii,21948,VACANT - PX ANNEX,1943,82,,09-Oct-17,-27893.4,8144,-3.425024558,82,N,Q1
MCIPAC,MCB Hawaii,22530,MAIN EXCHANGE,1997,86,,12-Oct-17,96716387.5,8144,11875.78432,86,N,Q1
MCIPAC,MCB Hawaii,22530,MAIN EXCHANGE,1997,86,81,01-May-17,96716387.5,8144,11875.78432,81,Y,Q1
MCIPAC,MCB Hawaii,23643,FAMILY SERVICES CENTER,1952,82,,05-Oct-17,-9364.7,8144,-1.149889489,82,N,Q1
MCIPAC,MCB Hawaii,23777,THEATER/LIBRARY,1941,74,,06-Oct-17,-6037459.12,8144,-741.3383006,74,N,Q2
MCIPAC,MCB Hawaii,23778,JOINT EDUCATIONAL SERVICES,1941,87,,11-Sep-17,-3637.04,8144,-0.446591356,87,N,Q1
MCIPAC,MCB Hawaii,24594,1ST BN/ 3RD MAR H&S CO.FITNESS REHAB/ HQ,1953,82,,16-Sep-17,313560.88,8144,38.50207269,82,N,Q1
MCIPAC,MCB Hawaii,24700,MARINE MART - SUBWAY,1984,83,,02-Dec-17,68252818.95,8144,8380.748889,83,N,Q1
MCIPAC,MCB Hawaii,24700,MARINE MART - SUBWAY,1984,83,69,01-Feb-16,68252818.95,8144,8380.748889,69,Y,Q3
MCIPAC,MCB Hawaii,24713,GOLF/SNCO CLUB HOUSE,1986,88,,04-Oct-17,30923364.53,8144,3797.073248,88,N,Q1
MCIPAC,MCB Hawaii,24713,GOLF/SNCO CLUB HOUSE,1986,88,78,01-Feb-17,30923364.53,8144,3797.073248,78,Y,Q2
MCIPAC,MCB Hawaii,24721,AUTO HOBBY SHOP,1985,91,,02-Dec-17,2392973.99,8144,293.8327591,91,N,Q1
MCIPAC,MCB Hawaii,24763,MCCS LIFEGUARD & ENVIRONMENTAL STORAGE,1969,77,,04-Oct-17,-517332.5,8144,-63.52314587,77,N,Q2
MCIPAC,MCB Hawaii,24793,MCCS VISUAL,1943,73,,04-Oct-17,-148558.82,8144,-18.2415054,73,N,Q2
MCIPAC,MCB Hawaii,24844,MOUT TRAING SUPPORT FACILITY,1957,50,,11-Oct-17,7560677.24,8144,928.3739244,50,N,Q4
MCIPAC,MCB Hawaii,24950,BOWLING ALLEY,1976,85,83.5,18-May-17,4195446.1,8144,515.1579199,83.5,Y,Q1
MCIPAC,MCB Hawaii,24951,MOKAPU MARINE MART & GAS LANES,1976,87,67,18-May-17,44110211.05,8144,5416.283282,67,Y,Q3
MCIPAC,MCB Hawaii,25335,TEMPORARY LODGING FACILITY,2002,91,86,18-May-17,11104.42,8144,1.363509332,86,Y,Q1
MCIPAC,MCB Hawaii,25366,KUPULAU CDC,1998,89,,17-Oct-17,11191287.28,8144,1374.175747,89,N,Q1
MCIPAC,MCB Hawaii,25397,WAREHOUSE,1942,81,,12-Oct-17,-21272847.42,8144,-2612.088337,81,N,Q1
MCIPAC,MCB Hawaii,25482,MCX ANNEX,1953,76,,21-Sep-17,74253550.01,8144,9117.577359,76,N,Q2
MCIPAC,MCB Hawaii,25482,MCX ANNEX,1953,76,72,18-May-17,74253550.01,8144,9117.577359,72,Y,Q2
MCIPAC,MCB Hawaii,25899,KLIPPER VILLAS,1974,84,,03-Oct-17,12482604.24,8144,1532.736277,84,N,Q1
MCIPAC,MCB Hawaii,25981,MCCS EXCHANGE MAINT WAREHOUSE AND OFFICES,1944,89,,14-Sep-17,-14074123.02,8144,-1728.158524,89,N,Q1
MCIPAC,MCB Hawaii,25984,EXCHANGE WAREHOUSE,1973,83,,16-Oct-17,-27052851.95,8144,-3321.813845,83,N,Q1
MCIPAC,MCB Hawaii,26518,INDOOR PHYSICAL FITNESS CENTER/RANGE STO,1986,85,,12-Oct-17,313560.88,8144,38.50207269,85,N,Q1
MCIPAC,MCB Hawaii,26634,ENLISTED CLUB,1974,79,,02-Dec-17,10665335.38,8144,1309.594226,79,N,Q2
MCIPAC,MCB Hawaii,26634,ENLISTED CLUB,1974,79,77,02-Feb-16,10665335.38,8144,1309.594226,77,Y,Q2
MCIPAC,MCB Hawaii,26728,MCCS FOOD SERVICE/SERVICE OUTLET,1962,76,,20-Oct-17,3643736.42,8144,447.4136076,76,N,Q2
MCIPAC,MCB Hawaii,26728,MCCS FOOD SERVICE/SERVICE OUTLET,1962,76,76,01-Feb-16,3643736.42,8144,447.4136076,76,Y,Q2
MCIPAC,MCB Hawaii,26734,MCCS BEACH CABINS OFFICE,1963,68,,09-Oct-17,4296265.26,8144,527.5374828,68,N,Q3
MCIPAC,MCB Hawaii,26751,"REFRESHMENT STAND, GOLF",1967,84,,14-Sep-17,1013914.03,8144,124.4982846,84,N,Q1
MCIPAC,MCB Hawaii,30156,CAR WASH FACILITY,2006,91,80,18-May-17,1941367.43,8144,238.3800872,80,Y,Q2
MCIPAC,MCB Hawaii,547876,OFFICERS' CLUB,1941,76,,11-Oct-17,11554933.23,8144,1418.827754,76,N,Q2
MCIPAC,MCB Hawaii,1011552,MCDONALDS,2009,100,,01-Jul-16,4333191.3,8144,532.0716233,100,N,Q1
MCIPAC,MCB Hawaii,1063503,MANANA CONVENIENCE STORE,2010,95,,11-Oct-17,3265089.75,8144,400.9196648,95,N,Q1
MCIPAC,MCB Hawaii,1063505,MANANA GAS LANES,2010,90,,11-Oct-17,4130473.08,8144,507.1798969,90,N,Q1
MCIPAC,MCB Hawaii,1063662,FUEL STORAGE FOR MARINE MART GAS LANES,2010,94,,19-Sep-17,56929374.34,8144,6990.345572,94,N,Q1
MCIPAC,MCB Hawaii,1093490,KULIA SEMPER FIT CENTER,2011,92,,09-Oct-17,2818902.64,8144,346.132446,92,N,Q1
MCIPAC,MCB Hawaii,1132510,LAULIMA CDC,2011,94,,16-Oct-17,6461017.42,8144,793.3469327,94,N,Q1
MCIPAC,MCB Hawaii,1141790,MARINA & OUTDOOR REC & EQUIPMENT CENTER,2012,94,95,01-Feb-16,20021594.76,8144,2458.447294,95,Y,Q1
MCIPAC,MCB Hawaii,1162659,FLIGHT LINE MARINE MART,2013,94,,20-Sep-17,14714026.47,8144,1806.73213,94,N,Q1
MCIPAC,MCB Hawaii,1162898,BATH HOUSE,1957,74,,13-Oct-17,8.18545E-12,8144,1.00509E-15,74,N,Q2
MCIPAC,MCB Hawaii,1162899,BATH HOUSE,1970,80,,11-Oct-17,6722.12,8144,0.825407662,80,N,Q2
MCIPAC,MCB Hawaii,1179932,FITNESS CENTER,2013,95,,11-Oct-17,158484.19,8144,19.46023944,95,N,Q1
MCIPAC,MCB Hawaii,1431203,SELDEN ST. MARINE MART,2020,100,,14-Aug-20,2062659.93,8144,253.273567,100,N,Q1
MCIWEST,MCAS Miramar,49360,LODGE HOUSE,1971,77,88,,2602282.76,8660,300.494545,88,Y,Q1
MCIWEST,MCAS Miramar,53150,MCCS AUTO HOBBY SHOP,1987,84,,13-Sep-19,2080936.77,8660,240.2929296,84,N,Q1
MCIWEST,MCAS Miramar,53161,THE BARN FITNESS CENTER,1954,82,,13-Sep-19,-19312.01,8660,-2.230024249,82,N,Q1
MCIWEST,MCAS Miramar,54007,OFFICERS CLUB,1965,85,78,13-Jun-17,10382994.35,8660,1198.960087,78,Y,Q2
MCIWEST,MCAS Miramar,55207,FIRESTONE COMPLETE AUTO CARE,1954,70,,26-Sep-13,28631047.92,8660,3306.125626,70,N,Q3
MCIWEST,MCAS Miramar,55217,MCX PRODUCTION / MAINTENANCE SHOP,1950,87,,20-Sep-19,-1284367.82,8660,-148.3103718,87,N,Q1
MCIWEST,MCAS Miramar,55233,FITNESS CENTER,1965,74,,10-Sep-19,-93409.25,8660,-10.78628753,74,N,Q2
MCIWEST,MCAS Miramar,55417,FITNESS CENTER,2001,89,,02-Oct-19,-23498.41,8660,-2.713442263,89,N,Q1
MCIWEST,MCAS Miramar,55438,MARINE MART,1972,84,,10-Oct-19,55239696.24,8660,6378.717811,84,N,Q1
MCIWEST,MCAS Miramar,55438,MARINE MART,1972,84,95,13-Jun-17,55239696.24,8660,6378.717811,95,Y,Q1
MCIWEST,MCAS Miramar,55442,MCCS INNS OF THE CORPS,2005,89,86,12-Jun-17,58852217.56,8660,6795.868079,86,Y,Q1
MCIWEST,MCAS Miramar,55448,TRAVEL/TICKET OFFICE,1972,83,,11-Sep-19,24680061.2,8660,2849.891594,83,N,Q1
MCIWEST,MCAS Miramar,55449,SMART CLINIC/HITT/MCCS FAMILY SERVICES,1973,80,,12-Sep-19,-97926.44,8660,-11.307903,80,N,Q2
MCIWEST,MCAS Miramar,56394,THE HUB,1954,79,,03-Oct-19,1688596.1,8660,194.9880023,79,N,Q2
MCIWEST,MCAS Miramar,56394,THE HUB,1954,79,82,14-Jan-16,1688596.1,8660,194.9880023,82,Y,Q1
MCIWEST,MCAS Miramar,56548,MARINE CORPS EXCHANGE,1984,86,,10-Sep-19,236187298.1,8660,27273.36006,86,N,Q1
MCIWEST,MCAS Miramar,56548,MARINE CORPS EXCHANGE,1984,86,99,12-Jan-16,236187298.1,8660,27273.36006,99,Y,Q1
MCIWEST,MCAS Miramar,56965,AUDITORIUM AND THEATER FACILITY,1944,61,,20-Sep-19,2229093.61,8660,257.4011097,61,N,Q3
MCIWEST,MCAS Miramar,56970,PARC/POST OFFICE/EXCHANGE/UNION,1944,63,,04-Oct-19,1733436.64,8660,200.1658938,63,N,Q3
MCIWEST,MCAS Miramar,56974,MCCS/FAMILY SVC/BLDG,1945,72,,14-Oct-19,-18694139.09,8660,-2158.676569,72,N,Q2
MCIWEST,MCAS Miramar,56975,MCCS FAMILY BEHAVIORAL HEALTH SERVICE CENTER,1996,90,,09-Oct-19,-10031.42,8660,-1.158362587,90,N,Q1
MCIWEST,MCAS Miramar,1013680,DENNY'S/GOLF COURSE CLUB HOUSE/PRO SHOP,2009,90,,17-Sep-19,13355635.84,8660,1542.221229,90,N,Q1
MCIWEST,MCAS Miramar,1013680,DENNY'S/GOLF COURSE CLUB HOUSE/PRO SHOP,2009,90,99,12-Jan-16,13355635.84,8660,1542.221229,99,Y,Q1
MCIWEST,MCAS Miramar,1055466,,,,,,7193321.7,8660,830.6376097,,N,Q4
MCIWEST,MCAS Miramar,1139510,EXCHANGE GAS AND SERVICE,2012,94,93,12-Jun-17,139418106.6,8660,16099.08852,93,Y,Q1
MCIWEST,MCAS Miramar,1139511,EXCHANGE CAR WASH,2012,96,,17-Sep-19,5973642.18,8660,689.7970185,96,N,Q1
MCIWEST,MCAS Miramar,1321242,,,,,,33352275.49,8660,3851.30202,,N,Q4
MCIWEST,MCAS Pendleton,22740,SERVICES FACILITY,1987,85,,30-Aug-19,4989597.49,35745,139.5886835,85,N,Q1
MCIWEST,MCAS Pendleton,22740,SERVICES FACILITY,1987,85,91,12-Sep-17,4989597.49,35745,139.5886835,91,Y,Q1
MCIWEST,MCAS Yuma,31546,EDUCATION CENTER,1988,92,,07-Jan-20,1232.64,3772,0.32678685,92,N,Q1
MCIWEST,MCAS Yuma,32415,MULTI-USE TENANT BLDG - CADC,1972,83,,17-Jan-20,3156727.4,3772,836.8842524,83,N,Q1
MCIWEST,MCAS Yuma,32415,MULTI-USE TENANT BLDG - CADC,1972,83,73,22-Mar-17,3156727.4,3772,836.8842524,73,Y,Q2
MCIWEST,MCAS Yuma,33731,BASE AUDITORIUM,1956,75,74,20-Mar-17,618736.02,3772,164.0339396,74,Y,Q2
MCIWEST,MCAS Yuma,33732,SUNSET LANE BOWLING ALLEY,1966,84,,21-Jan-20,855298.73,3772,226.7493982,84,N,Q1
MCIWEST,MCAS Yuma,33733,OUTDOOR REC SWIMMING POOL,1943,33,,20-Aug-15,-129515.72,3772,-34.33608696,33,N,Q4
MCIWEST,MCAS Yuma,33735,POST OFFICE/LIBRARY,1976,91,,13-Jan-20,-2023.54,3772,-0.536463415,91,N,Q1
MCIWEST,MCAS Yuma,33737,MCCS ADMINISTRATION OFFICE,1976,90,,16-Jan-20,-6285492.68,3772,-1666.355429,90,N,Q1
MCIWEST,MCAS Yuma,33860,CHILD DEVELOPMENT CENTER,1975,89,,20-Jan-20,11119088.12,3772,2947.796426,89,N,Q1
MCIWEST,MCAS Yuma,33863,INNS OF THE CORPS YUMA,1997,89,86,21-Mar-17,12354808.17,3772,3275.399833,86,Y,Q1
MCIWEST,MCAS Yuma,35076,YOUTH CENTER,2007,86,,19-Jan-20,2887102.38,3772,765.4036002,86,N,Q1
MCIWEST,MCAS Yuma,35366,STATION GYMNASIUM,1969,88,,13-Jan-20,-199741.5,3772,-52.95373807,88,N,Q1
MCIWEST,MCAS Yuma,35370,AZ ADVENTURES OUTDOOR RECREATION,1990,84,,16-Jan-20,-434735.21,3772,-115.253237,84,N,Q1
MCIWEST,MCAS Yuma,35371,AUTO HOBBY SHOP/MCCS SERVICE SHOP,1997,85,,16-Jan-20,3452355.41,3772,915.2585923,85,N,Q1
MCIWEST,MCAS Yuma,35371,AUTO HOBBY SHOP/MCCS SERVICE SHOP,1997,85,80,20-Mar-17,3452355.41,3772,915.2585923,80,Y,Q2
MCIWEST,MCAS Yuma,35374,SELF SERVICE CAR WASH,1995,87,,15-Jan-20,644155.46,3772,170.7729215,87,N,Q1
MCIWEST,MCAS Yuma,35377,MCX SERVICE MART/GAS SERVICE STATION,1997,85,,16-Jan-20,35195872.54,3772,9330.82517,85,N,Q1
MCIWEST,MCAS Yuma,35377,MCX SERVICE MART/GAS SERVICE STATION,1997,85,78,20-Mar-17,35195872.54,3772,9330.82517,78,Y,Q2
MCIWEST,MCAS Yuma,35380,FAMILY SERVICES CENTER,1956,79,,15-Jan-20,-38462.36,3772,-10.19680806,79,N,Q2
MCIWEST,MCAS Yuma,37355,RV STORAGE LOT - MCCS,2006,98,,20-Aug-15,659544.72,3772,174.852789,98,N,Q1
MCIWEST,MCAS Yuma,38475,OFFICE/GENERAL STORE,1998,89,76.5,21-Mar-17,1204493.9,3772,319.325,76.5,Y,Q2
MCIWEST,MCAS Yuma,38926,SONORAN PUEBLO CONSOLIDATED CLUB/SMP,2000,89,,09-Jan-20,264811.32,3772,70.20448568,89,N,Q1
MCIWEST,MCAS Yuma,38926,SONORAN PUEBLO CONSOLIDATED CLUB/SMP,2000,89,89,20-Mar-17,264811.32,3772,70.20448568,89,Y,Q1
MCIWEST,MCAS Yuma,39532,BASE OPERATIONS/AFTERBURNER RESTAURANT,1966,80,75,20-Mar-17,3168376.06,3772,839.9724443,75,Y,Q2
MCIWEST,MCAS Yuma,1033816,MCX - MARINE CORPS EXCHANGE,2009,88,94.8,20-Mar-17,82100446.64,3772,21765.75998,94.8,Y,Q1
MCIWEST,MCAS Yuma,1431331,MCX MARINE MART,2020,100,,23-Nov-20,156378.86,3772,41.45781018,100,N,Q1
MCIWEST,MCB Pendleton,29386,SAN ONOFRE SVC STN / MINI-MART ($MC),1975,87,,09-Aug-19,4080550.93,35745,114.1572508,87,N,Q1
MCIWEST,MCB Pendleton,29386,SAN ONOFRE SVC STN / MINI-MART ($MC),1975,87,75,13-Sep-17,4080550.93,35745,114.1572508,75,Y,Q2
MCIWEST,MCB Pendleton,29387,"EXCHANGE ($MC), DISTRIB WHSE ($MA)",1975,78,,14-Aug-19,21554943.19,35745,603.0198123,78,N,Q2
MCIWEST,MCB Pendleton,29387,"EXCHANGE ($MC), DISTRIB WHSE ($MA)",1975,78,100,16-Feb-22,21554943.19,35745,603.0198123,100,Y,Q1
MCIWEST,MCB Pendleton,29442,MCX CONVENIENCE STORE ($MC),2005,90,93,09-Feb-22,24538948.78,35745,686.5001757,93,Y,Q1
MCIWEST,MCB Pendleton,1200448,,,,,,6072303.63,35745,169.8784062,,N,Q4
MCIWEST,MCB Pendleton,1447933,EXCHANGE GAS/SERVICE AND AUTO REPAIR STATION,2007,100,99,16-Feb-22,2581689.24,35745,72.22518506,99,Y,Q1
MCIWEST,MCLB Barstow,32957,GOLF COURSE,1951,80,,20-Aug-15,-55311.34,75,-737.4845333,80,N,Q2
MCIWEST,MCLB Barstow,35202,RECREATIONAL(RV) CAMPGROUND,1995,94,,20-Aug-15,1454830.08,75,19397.7344,94,N,Q1
MCIWEST,MCLB Barstow,985425,MARINE CORPS EXCHANGE-YERMO,2008,93,96,18-Jul-17,3472227.97,75,46296.37293,96,Y,Q1
MCIWEST,MCLB Barstow,1071474,SATELLITE EXCHANGE-IN MDMC,2010,92,95,18-Jul-17,2407659.33,75,32102.1244,95,Y,Q1
MCIWEST,MCLB Barstow,1237389,GOLF CLUB HOUSE,2015,99,98,18-Jul-17,315306.2,75,4204.082667,98,Y,Q1
SLTI,MCAGCC 29 Palms,36583,EXCHANGE WAREHOUSE,1998,89,83,26-May-17,21463407.57,10953,1959.591671,83,Y,Q1
SLTI,MCAGCC 29 Palms,39559,DI CARLO'S ITALIAN CAFE,1990,90,,22-Oct-13,661482.18,10953,60.39278554,90,N,Q1
SLTI,MCAGCC 29 Palms,39560,AUTO HOBBY SHOP (MAIN)/NAPA,1989,88,,25-Oct-19,-88955.98,10953,-8.121608692,88,N,Q1
SLTI,MCAGCC 29 Palms,42225,OFFICERS CLUB/CONFCTR/RESTUR,1954,84,88,27-Jul-17,2185012.89,10953,199.4899014,88,Y,Q1
SLTI,MCAGCC 29 Palms,42227,OFFICER'S FAMILY POOL,1960,60,,20-Aug-15,-27568.98,10953,-2.517025472,60,N,Q4
SLTI,MCAGCC 29 Palms,42240,BOWLING CENTER,1977,81,85,26-May-17,1864165.62,10953,170.1968064,85,Y,Q1
SLTI,MCAGCC 29 Palms,42245,EAST GYMNASIUM,1988,85,,21-Oct-19,-784562.7,10953,-71.629937,85,N,Q1
SLTI,MCAGCC 29 Palms,42675,SMP/THE ZONE/DOMINOS,1957,62,,10-Dec-13,2541154.44,10953,232.0053355,62,N,Q3
SLTI,MCAGCC 29 Palms,42677,INDOOR PHYSICAL FITNESS CENTER,1974,89,,17-Oct-19,-4791415.34,10953,-437.4523272,89,N,Q1
SLTI,MCAGCC 29 Palms,43329,CUSTOMER OPERATED CAR WASH,1992,89,,12-Feb-08,1293530.26,10953,118.0982617,89,N,Q1
SLTI,MCAGCC 29 Palms,43332,EXCHANGE INSTALLATION WAREHOUSE,1986,84,,31-Oct-13,919535.82,10953,83.95287319,84,N,Q1
SLTI,MCAGCC 29 Palms,44626,YOUTH CENTER,1988,87,,14-Nov-19,-110505.18,10953,-10.08903314,87,N,Q1
SLTI,MCAGCC 29 Palms,44869,CAMP WILSON EXCHANGE,2010,88,85,26-May-17,50879949.49,10953,4645.298045,85,Y,Q1
SLTI,MCAGCC 29 Palms,44882,WARRIOR CLUB,1994,87,,18-Nov-19,24483015.81,10953,2235.279449,87,N,Q1
SLTI,MCAGCC 29 Palms,44883,"FITNESS CENTER, ESB",1998,90,,14-Nov-19,-91214.72,10953,-8.327829818,90,N,Q1
SLTI,MCAGCC 29 Palms,44920,WOOD HOBBY SHOP,1962,77,,23-Dec-13,440232.8,10953,40.19289692,77,N,Q2
SLTI,MCAGCC 29 Palms,45636,BASE AUDITORIUM & THEATER,1954,83,,22-Oct-19,3458502.4,10953,315.7584589,83,N,Q1
SLTI,MCAGCC 29 Palms,45643,JERSEY MIKE'S/GAME STOP,1983,88,,21-Oct-19,1719163.18,10953,156.9582014,88,N,Q1
SLTI,MCAGCC 29 Palms,45646,WEST GYMNASIUM,1975,85,,21-Oct-19,-656487.46,10953,-59.93677166,85,N,Q1
SLTI,MCAGCC 29 Palms,45648,MCCS VENDOR & FITNESS ROOM,1962,81,,26-Nov-13,150274.76,10953,13.71996348,81,N,Q1
SLTI,MCAGCC 29 Palms,45846,GOLF COURSE,1962,80,,20-Aug-15,-2841329.03,10953,-259.4110317,80,N,Q2
SLTI,MCAGCC 29 Palms,45848,GOLF COURSE CLUBHOUSE,2004,86,94,26-May-17,234084.01,10953,21.37167991,94,Y,Q1
SLTI,MCAGCC 29 Palms,46228,CHILD DEVELOPMENT CENTER #2,1998,88,,14-Nov-19,7203131.5,10953,657.640053,88,N,Q1
SLTI,MCAGCC 29 Palms,46233,BATH HOUSE,1998,88,,15-Nov-19,-53144,10953,-4.852004017,88,N,Q1
SLTI,MCAGCC 29 Palms,46725,ADMINISTRATIVE OFFICE,1954,87,,17-Oct-19,205978.66,10953,18.80568429,87,N,Q1
SLTI,MCAGCC 29 Palms,46728,CENTER LIBRARY,1954,88,,17-Oct-19,-323216.7,10953,-29.50942208,88,N,Q1
SLTI,MCAGCC 29 Palms,46738,ALL HANDS CLUB/GET WET SCUBA,1957,83,,01-Dec-13,3105885.55,10953,283.564827,83,N,Q1
SLTI,MCAGCC 29 Palms,46738,ALL HANDS CLUB/GET WET SCUBA,1957,83,78,27-Jul-17,3105885.55,10953,283.564827,78,Y,Q2
SLTI,MCAGCC 29 Palms,47089,OUTDOOR ADVENTURES ISSUE/STG,1985,78,,15-Oct-19,69438.58,10953,6.339685931,78,N,Q2
SLTI,MCAGCC 29 Palms,47090,MWR OUTDOOR RECREATION CENTER,1986,90,,20-Aug-15,1667089.36,10953,152.203904,90,N,Q1
SLTI,MCAGCC 29 Palms,47876,TEMPORARY LODGING FACILITY,1985,86,78,26-May-17,12299268.26,10953,1122.913198,78,Y,Q2
SLTI,MCAGCC 29 Palms,47883,TWILIGHT DUNES RV PARK,1985,70,,20-Aug-15,4762997.92,10953,434.8578399,70,N,Q3
SLTI,MCAGCC 29 Palms,48183,COYOTE CAFE,1988,86,,06-Nov-19,19096087.96,10953,1743.457314,86,N,Q1
SLTI,MCAGCC 29 Palms,48183,COYOTE CAFE,1988,86,76,26-May-17,19096087.96,10953,1743.457314,76,Y,Q2
SLTI,MCAGCC 29 Palms,48200,HANDBALL COURTS,1976,83,,20-Dec-13,-216318.6,10953,-19.74971241,83,N,Q1
SLTI,MCAGCC 29 Palms,48372,HOSPITAL-TWENTYNINE PALMS,1994,87,78,17-Jul-17,2079374.55,10953,189.8452068,78,Y,Q2
SLTI,MCAGCC 29 Palms,48657,BATH HOUSE,1962,78,,06-Nov-19,-422556.92,10953,-38.57910344,78,N,Q2
SLTI,MCAGCC 29 Palms,549079,CONDOR MALL RETAIL EXCHANGE,1961,86,,11-Nov-13,-26696990.33,10953,-2437.413524,86,N,Q1
SLTI,MCAGCC 29 Palms,549079,CONDOR MALL RETAIL EXCHANGE,1961,86,79,26-May-17,-26696990.33,10953,-2437.413524,79,Y,Q2
SLTI,MCAGCC 29 Palms,549088,COMMUNITY CENTER,1998,91,,31-Oct-13,579793.56,10953,52.93468091,91,N,Q1
SLTI,MCAGCC 29 Palms,986924,CARL'S JR.,1990,92,,20-Aug-15,1633876.48,10953,149.171595,92,N,Q1
SLTI,MCAGCC 29 Palms,1043841,LOCATION EXCHANGE,2010,92,,01-Nov-19,27972736.17,10953,2553.888083,92,N,Q1
SLTI,MCAGCC 29 Palms,1043841,LOCATION EXCHANGE,2010,92,88,26-May-17,27972736.17,10953,2553.888083,88,Y,Q1
SLTI,MCAGCC 29 Palms,1080999,OUTDOOR COURT,2010,99,,20-Aug-15,2839085.8,10953,259.2062266,99,N,Q1
SLTI,MCAGCC 29 Palms,1086138,EXCHANGE RETAIL,2011,91,,18-Oct-19,287968989.6,10953,26291.33476,91,N,Q1
SLTI,MCAGCC 29 Palms,1086138,EXCHANGE RETAIL,2011,91,94,26-May-17,287968989.6,10953,26291.33476,94,Y,Q1
SLTI,MCAGCC 29 Palms,1132917,MARINE MART GAS TANKS,2010,90,,20-Aug-15,52195427.96,10953,4765.400161,90,N,Q1
SLTI,MCAGCC 29 Palms,1139401,CHILD DEVELOPMENT CENTER BLDGS -1 THRU -6,2016,97,,01-Nov-19,18963293.76,10953,1731.333311,97,N,Q1
SLTI,MCAGCC 29 Palms,1161435,RV/BOAT STORAGE COMPOUND,2012,90,,20-Aug-15,501462,10953,45.78307313,90,N,Q1
SLTI,MCAGCC 29 Palms,1213015,,,,99,26-May-17,8662000.05,10953,790.8335661,99,Y,Q1
SLTI,MCAGCC 29 Palms,1213024,,,,,,15440955.2,10953,1409.746663,,N,Q4
SLTI,MCRD San Diego,49676,G6/CAMPING CONNECTION,1941,81,,15-Apr-19,-470706.81,2111,-222.9781194,81,N,Q1
SLTI,MCRD San Diego,52610,MCCS ADMIN/SERVICES/IT/TRNG,1921,84,,18-Apr-19,528764.39,2111,250.4805258,84,N,Q1
SLTI,MCRD San Diego,52610,MCCS ADMIN/SERVICES/IT/TRNG,1921,84,83,12-Jan-16,528764.39,2111,250.4805258,83,Y,Q1
SLTI,MCRD San Diego,52611,MC EXCHANGE,1922,85,,19-Apr-19,58158834.79,2111,27550.37176,85,N,Q1
SLTI,MCRD San Diego,52611,MC EXCHANGE,1922,85,81,12-Jan-16,58158834.79,2111,27550.37176,81,Y,Q1
SLTI,MCRD San Diego,52612,EDUCATIONAL SERVICES,1936,82,,30-Apr-19,-144.8,2111,-0.068593084,82,N,Q1
SLTI,MCRD San Diego,52617,PHILLIPS HALL FITNESS CENTER,1922,71,,13-Apr-19,-7103.32,2111,-3.364907627,71,N,Q2
SLTI,MCRD San Diego,52618,BOAT HOUSE,1936,71,,30-Apr-19,45112.42,2111,21.3701658,71,N,Q2
SLTI,MCRD San Diego,52619,BAY VIEW RESTAURANT,1938,76,79,13-Jun-17,8567052.79,2111,4058.291232,79,Y,Q2
SLTI,MCRD San Diego,52620,FAMILY SERVICE CENTER,1923,69,,30-Apr-19,-537.14,2111,-0.254448129,69,N,Q3
SLTI,MCRD San Diego,52625,MCX CENTRAL/WH/MS/POST OFFICE,1941,64,,30-Apr-19,-13212992.65,2111,-6259.115419,64,N,Q3
SLTI,MCRD San Diego,52630,EXCH STOREHOUSE/RETAIL,1925,83,,30-Apr-19,34181845.22,2111,16192.25259,83,N,Q1
SLTI,MCRD San Diego,52630,EXCH STOREHOUSE/RETAIL,1925,83,78,12-Jan-16,34181845.22,2111,16192.25259,78,Y,Q2
SLTI,MCRD San Diego,53280,MCCS/HRO/ADMIN/CLSROOM,1920,84,,18-Apr-19,-12141962.24,2111,-5751.758522,84,N,Q1
SLTI,MCRD San Diego,55076,BASEBALL FIELD,1944,88,,10-Aug-16,-48607.14,2111,-23.02564661,88,N,Q1
SLTI,MCRD San Diego,55925,RECREATION CENTER/BOWLING ALLEY,1972,81,,19-Apr-19,2102016.99,2111,995.744666,81,N,Q1
SLTI,MCRD San Diego,55928,RECRUIT EXCHANGE COMPLEX,1977,85,,18-Apr-19,141081915,2111,66831.79297,85,N,Q1
SLTI,MCRD San Diego,55928,RECRUIT EXCHANGE COMPLEX,1977,85,73,13-Jun-17,141081915,2111,66831.79297,73,Y,Q2
SLTI,MCRD San Diego,55946,MCCS/EMER TROOP HSG,1921,81,,19-Apr-19,-3063.18,2111,-1.451056371,81,N,Q1
SLTI,MCRD San Diego,55950,MCX SELF-SERVICE CARWASH,1980,84,,15-Apr-19,221387.28,2111,104.8731786,84,N,Q1
SLTI,MCRD San Diego,56522,LIBRARY/EMERTROOP HSG/ADMIN,1925,84,,19-Apr-19,2586.84,2111,1.225409758,84,N,Q1
SLTI,MCRD San Diego,1063332,MINI MART GAS STATION,2000,92,84,13-Jun-17,53930701.91,2111,25547.46656,84,Y,Q1
SLTI,MCRD San Diego,1368913,RV STORAGE LOT A,1977,83,,01-Jul-77,7743828.06,2111,3668.322151,83,N,Q1
SLTI,MCRD San Diego,1368914,RV STORAGE LOT C,2011,85,,01-Jul-77,7743828.06,2111,3668.322151,85,N,Q1
SLTI,MWTC Bridgeport,33304,MULTI-PURPOSE COMPLEX,1990,89,,05-Nov-19,16527456.38,174,94985.38149,89,N,Q1
SLTI,MWTC Bridgeport,33307,GYM/OUTDOOR ADV. FACILITY,1991,88,,05-Nov-19,35040.04,174,201.3795402,88,N,Q1
SLTI,MWTC Bridgeport,1091063,CHILD DEVELOPMENT CENTER,2010,92,,12-Nov-19,786954.86,174,4522.72908,92,N,Q1
SLTI,MWTC Bridgeport,1274305,,,,,,443958.24,174,2551.484138,,N,Q4
SLTI,MWTC Bridgeport,1322743,,,,,,742819.35,174,4269.076724,,N,Q4
